{"edges": [[0, 1], [2, 1], [3, 1], [1, 0], [2, 0], [3, 0], [4, 0], [5, 0], [1, 2], [0, 2], [3, 2], [5, 2], [6, 2], [1, 3], [0, 3], [2, 3], [7, 3], [8, 3], [6, 3], [3, 7], [8, 7], [9, 7], [10, 7], [3, 8], [7, 8], [9, 8], [11, 8], [10, 8], [7, 9], [8, 9], [11, 9], [12, 9], [8, 11], [9, 11], [12, 11], [13, 11], [14, 11], [9, 12], [11, 12], [13, 12], [11, 13], [12, 13], [14, 13], [15, 13], [16, 13], [11, 14], [13, 14], [15, 14], [16, 14], [13, 15], [14, 15], [16, 15], [17, 15], [13, 16], [14, 16], [15, 16], [18, 16], [17, 16], [19, 20], [21, 20], [22, 20], [18, 20], [20, 19], [21, 19], [22, 19], [18, 19], [20, 21], [19, 21], [22, 21], [23, 21], [20, 22], [19, 22], [21, 22], [23, 22], [21, 23], [22, 23], [24, 23], [25, 23], [23, 24], [25, 24], [26, 24], [23, 25], [24, 25], [26, 25], [24, 26], [25, 26], [27, 26], [28, 26], [29, 26], [30, 26], [26, 27], [28, 27], [29, 27], [30, 27], [31, 27], [26, 28], [27, 28], [29, 28], [31, 28], [26, 29], [27, 29], [28, 29], [32, 29], [0, 4], [5, 4], [6, 4], [10, 4], [16, 18], [20, 18], [19, 18], [17, 18], [10, 18], [15, 17], [16, 17], [18, 17], [6, 17], [10, 17], [0, 5], [2, 5], [4, 5], [6, 5], [10, 5], [2, 6], [3, 6], [4, 6], [17, 6], [5, 6], [10, 6], [7, 10], [8, 10], [4, 10], [18, 10], [17, 10], [5, 10], [6, 10], [26, 30], [27, 30], [32, 30], [33, 30], [31, 30], [34, 35], [33, 35], [36, 35], [35, 34], [32, 34], [33, 34], [36, 34], [29, 32], [30, 32], [34, 32], [33, 32], [31, 32], [36, 32], [30, 33], [35, 33], [34, 33], [32, 33], [31, 33], [36, 33], [27, 31], [28, 31], [30, 31], [32, 31], [33, 31], [35, 36], [34, 36], [32, 36], [33, 36]], "labels": {"0": "1", "1": "1", "2": "1", "3": "1", "4": "2", "5": "2", "6": "2", "7": "1", "8": "1", "9": "1", "10": "2", "11": "1", "12": "1", "13": "1", "14": "1", "15": "1", "16": "1", "17": "2", "18": "2", "19": "1", "20": "1", "21": "1", "22": "1", "23": "1", "24": "1", "25": "1", "26": "1", "27": "1", "28": "1", "29": "1", "30": "2", "31": "2", "32": "2", "33": "2", "34": "2", "35": "2", "36": "2"}, "target": 6}