{"edges": [[0, 1], [2, 1], [3, 1], [4, 5], [2, 5], [6, 5], [5, 4], [7, 4], [8, 4], [6, 4], [4, 7], [8, 7], [9, 7], [10, 11], [12, 11], [13, 11], [11, 10], [12, 10], [14, 10], [15, 16], [14, 16], [17, 16], [16, 15], [18, 15], [19, 15], [17, 15], [15, 18], [20, 18], [21, 18], [19, 18], [18, 20], [21, 20], [19, 20], [22, 23], [24, 23], [21, 23], [23, 22], [24, 22], [25, 22], [21, 22], [23, 24], [22, 24], [25, 24], [26, 24], [22, 25], [24, 25], [26, 25], [24, 26], [25, 26], [27, 26], [26, 27], [28, 27], [29, 27], [27, 28], [29, 28], [30, 28], [31, 28], [27, 29], [28, 29], [30, 29], [31, 29], [28, 30], [29, 30], [31, 30], [28, 31], [29, 31], [30, 31], [18, 21], [20, 21], [23, 21], [22, 21], [15, 19], [18, 19], [20, 19], [1, 0], [2, 0], [3, 0], [1, 2], [5, 2], [0, 2], [3, 2], [6, 2], [4, 8], [7, 8], [9, 8], [1, 3], [0, 3], [2, 3], [5, 6], [4, 6], [2, 6], [11, 12], [10, 12], [13, 12], [7, 9], [8, 9], [13, 9], [11, 13], [12, 13], [9, 13], [10, 14], [16, 14], [17, 14], [16, 17], [15, 17], [14, 17]], "labels": {"0": "2", "1": "1", "2": "2", "3": "2", "4": "1", "5": "1", "6": "2", "7": "1", "8": "2", "9": "2", "10": "1", "11": "1", "12": "2", "13": "2", "14": "2", "15": "1", "16": "1", "17": "2", "18": "1", "19": "2", "20": "1", "21": "2", "22": "1", "23": "1", "24": "1", "25": "1", "26": "1", "27": "1", "28": "1", "29": "1", "30": "1", "31": "1"}, "target": 6}