{"edges": [[0, 1], [2, 1], [3, 1], [4, 5], [6, 5], [7, 5], [8, 5], [5, 4], [6, 4], [8, 4], [5, 6], [4, 6], [8, 6], [9, 10], [2, 10], [3, 10], [10, 9], [2, 9], [3, 9], [7, 11], [12, 11], [13, 11], [0, 14], [15, 14], [16, 14], [5, 7], [11, 7], [13, 7], [8, 7], [1, 0], [14, 0], [3, 0], [16, 0], [1, 2], [10, 2], [9, 2], [3, 2], [1, 3], [10, 3], [9, 3], [0, 3], [2, 3], [11, 12], [15, 12], [13, 12], [14, 15], [12, 15], [16, 15], [11, 13], [7, 13], [12, 13], [8, 13], [14, 16], [0, 16], [15, 16], [5, 8], [4, 8], [6, 8], [7, 8], [13, 8]], "labels": {"0": "2", "1": "1", "2": "2", "3": "2", "4": "1", "5": "1", "6": "1", "7": "2", "8": "2", "9": "2", "10": "2", "11": "2", "12": "2", "13": "2", "14": "2", "15": "2", "16": "2"}, "target": 5}