{"edges": [[0, 1], [2, 1], [3, 1], [4, 5], [6, 5], [7, 5], [5, 4], [6, 4], [7, 4], [8, 9], [2, 9], [3, 9], [9, 8], [2, 8], [3, 8], [6, 10], [11, 10], [12, 10], [7, 10], [0, 13], [14, 13], [15, 13], [5, 6], [4, 6], [10, 6], [12, 6], [7, 6], [1, 0], [13, 0], [3, 0], [15, 0], [1, 2], [9, 2], [8, 2], [3, 2], [1, 3], [9, 3], [8, 3], [0, 3], [2, 3], [10, 11], [14, 11], [12, 11], [13, 14], [11, 14], [15, 14], [10, 12], [6, 12], [11, 12], [7, 12], [13, 15], [0, 15], [14, 15], [5, 7], [4, 7], [10, 7], [6, 7], [12, 7]], "labels": {"0": "2", "1": "1", "2": "2", "3": "2", "4": "1", "5": "1", "6": "2", "7": "2", "8": "2", "9": "2", "10": "2", "11": "2", "12": "2", "13": "2", "14": "2", "15": "2"}, "target": 5}