{"edges": [[0, 1], [2, 1], [3, 1], [1, 0], [4, 0], [5, 0], [6, 0], [7, 8], [6, 8], [8, 7], [9, 7], [10, 7], [11, 7], [7, 9], [12, 9], [13, 9], [9, 12], [14, 12], [15, 12], [16, 17], [18, 17], [17, 16], [19, 16], [20, 21], [22, 23], [24, 23], [25, 23], [23, 22], [26, 22], [27, 22], [28, 29], [30, 29], [27, 29], [29, 28], [31, 28], [28, 31], [32, 31], [33, 31], [34, 31], [31, 32], [35, 32], [36, 32], [37, 32], [38, 39], [40, 39], [41, 39], [39, 38], [42, 38], [43, 44], [45, 44], [0, 4], [46, 4], [47, 4], [48, 4], [4, 46], [5, 46], [49, 46], [50, 46], [7, 10], [51, 10], [50, 10], [10, 51], [14, 51], [12, 14], [51, 14], [13, 14], [52, 14], [9, 13], [14, 13], [53, 13], [54, 13], [16, 19], [55, 19], [56, 19], [19, 55], [42, 55], [57, 58], [59, 60], [61, 60], [62, 60], [60, 59], [63, 59], [64, 59], [30, 65], [64, 65], [29, 30], [65, 30], [35, 30], [66, 30], [32, 35], [30, 35], [33, 35], [31, 33], [35, 33], [67, 33], [40, 68], [69, 68], [39, 40], [68, 40], [42, 40], [70, 71], [72, 73], [74, 73], [75, 73], [73, 72], [5, 72], [26, 72], [76, 72], [77, 72], [7, 11], [78, 11], [77, 11], [11, 78], [53, 78], [13, 53], [78, 53], [52, 53], [14, 52], [53, 52], [79, 52], [80, 81], [82, 81], [81, 80], [42, 80], [83, 84], [85, 86], [87, 86], [88, 86], [86, 85], [89, 85], [90, 85], [30, 66], [91, 66], [90, 66], [66, 91], [36, 91], [32, 36], [91, 36], [34, 36], [31, 34], [36, 34], [92, 34], [42, 93], [94, 93], [38, 42], [55, 42], [40, 42], [80, 42], [93, 42], [0, 5], [46, 5], [72, 5], [2, 5], [1, 2], [5, 2], [1, 3], [43, 3], [44, 43], [3, 43], [0, 6], [8, 6], [17, 18], [15, 18], [12, 15], [18, 15], [92, 15], [22, 26], [72, 26], [24, 26], [23, 24], [26, 24], [23, 25], [20, 25], [21, 20], [25, 20], [22, 27], [29, 27], [39, 41], [37, 41], [32, 37], [41, 37], [92, 37], [46, 49], [47, 49], [4, 47], [49, 47], [4, 48], [45, 48], [44, 45], [48, 45], [46, 50], [10, 50], [19, 56], [54, 56], [13, 54], [56, 54], [92, 54], [59, 63], [61, 63], [60, 61], [63, 61], [60, 62], [57, 62], [58, 57], [62, 57], [59, 64], [65, 64], [68, 69], [67, 69], [33, 67], [69, 67], [72, 76], [74, 76], [73, 74], [76, 74], [73, 75], [70, 75], [71, 70], [75, 70], [72, 77], [11, 77], [81, 82], [79, 82], [52, 79], [82, 79], [85, 89], [87, 89], [86, 87], [89, 87], [86, 88], [83, 88], [84, 83], [88, 83], [85, 90], [66, 90], [93, 94], [92, 94], [34, 92], [15, 92], [37, 92], [54, 92], [94, 92]], "labels": {"0": "1", "1": "1", "2": "2", "3": "2", "4": "1", "5": "2", "6": "2", "7": "1", "8": "1", "9": "1", "10": "1", "11": "1", "12": "1", "13": "1", "14": "1", "15": "2", "16": "1", "17": "1", "18": "2", "19": "1", "20": "2", "21": "1", "22": "1", "23": "1", "24": "2", "25": "2", "26": "2", "27": "2", "28": "1", "29": "1", "30": "1", "31": "1", "32": "1", "33": "1", "34": "1", "35": "1", "36": "1", "37": "2", "38": "1", "39": "1", "40": "1", "41": "2", "42": "1", "43": "2", "44": "1", "45": "2", "46": "1", "47": "2", "48": "2", "49": "2", "50": "2", "51": "1", "52": "1", "53": "1", "54": "2", "55": "1", "56": "2", "57": "2", "58": "1", "59": "1", "60": "1", "61": "2", "62": "2", "63": "2", "64": "2", "65": "1", "66": "1", "67": "2", "68": "1", "69": "2", "70": "2", "71": "1", "72": "1", "73": "1", "74": "2", "75": "2", "76": "2", "77": "2", "78": "1", "79": "2", "80": "1", "81": "1", "82": "2", "83": "2", "84": "1", "85": "1", "86": "1", "87": "2", "88": "2", "89": "2", "90": "2", "91": "1", "92": "2", "93": "1", "94": "2"}, "target": 5}