{"edges": [[0, 1], [2, 1], [3, 1], [1, 0], [2, 0], [3, 0], [4, 0], [5, 0], [6, 7], [8, 7], [9, 7], [10, 7], [11, 7], [7, 6], [8, 6], [9, 6], [7, 8], [6, 8], [9, 8], [1, 2], [0, 2], [3, 2], [1, 3], [0, 3], [2, 3], [7, 9], [6, 9], [8, 9], [10, 9], [11, 9], [7, 10], [9, 10], [11, 10], [4, 10], [5, 10], [7, 11], [9, 11], [10, 11], [0, 4], [10, 4], [5, 4], [0, 5], [10, 5], [4, 5]], "labels": {"0": "1", "1": "1", "2": "2", "3": "2", "4": "2", "5": "2", "6": "1", "7": "1", "8": "2", "9": "2", "10": "2", "11": "2"}, "target": 5}