{"edges": [[0, 1], [2, 1], [3, 1], [4, 5], [6, 5], [7, 5], [8, 5], [5, 4], [9, 4], [6, 4], [10, 4], [7, 4], [0, 11], [2, 11], [3, 11], [12, 11], [4, 9], [6, 9], [7, 9], [8, 9], [13, 9], [14, 9], [5, 6], [4, 6], [9, 6], [7, 6], [15, 6], [13, 6], [16, 17], [18, 17], [19, 17], [17, 16], [20, 16], [21, 16], [16, 20], [22, 20], [23, 20], [24, 20], [20, 22], [25, 22], [26, 22], [22, 25], [27, 25], [28, 25], [29, 25], [25, 27], [28, 27], [30, 27], [25, 28], [27, 28], [29, 28], [30, 28], [16, 21], [23, 21], [26, 21], [19, 21], [20, 23], [21, 23], [26, 23], [22, 26], [21, 26], [23, 26], [24, 26], [20, 24], [26, 24], [31, 24], [24, 31], [29, 31], [30, 31], [25, 29], [28, 29], [31, 29], [30, 29], [27, 30], [28, 30], [31, 30], [29, 30], [4, 10], [7, 10], [32, 10], [0, 33], [3, 33], [34, 33], [1, 0], [11, 0], [33, 0], [2, 0], [35, 0], [34, 0], [5, 7], [4, 7], [9, 7], [6, 7], [10, 7], [8, 7], [15, 7], [14, 7], [32, 7], [8, 36], [37, 36], [14, 36], [5, 8], [9, 8], [7, 8], [36, 8], [13, 8], [38, 8], [36, 37], [2, 37], [12, 37], [1, 2], [11, 2], [0, 2], [37, 2], [39, 2], [12, 2], [6, 15], [7, 15], [32, 15], [0, 35], [3, 35], [34, 35], [1, 3], [11, 3], [33, 3], [35, 3], [9, 13], [6, 13], [8, 13], [14, 13], [8, 38], [14, 38], [39, 38], [9, 14], [7, 14], [36, 14], [13, 14], [38, 14], [2, 39], [38, 39], [12, 39], [11, 12], [37, 12], [2, 12], [39, 12], [33, 34], [0, 34], [35, 34], [10, 32], [7, 32], [15, 32], [18, 40], [19, 40], [17, 18], [40, 18], [41, 18], [19, 18], [18, 41], [19, 41], [17, 19], [21, 19], [40, 19], [18, 19], [41, 19]], "labels": {"0": "2", "1": "1", "2": "2", "3": "2", "4": "1", "5": "1", "6": "1", "7": "2", "8": "2", "9": "1", "10": "2", "11": "1", "12": "2", "13": "2", "14": "2", "15": "2", "16": "1", "17": "1", "18": "2", "19": "2", "20": "1", "21": "1", "22": "1", "23": "1", "24": "1", "25": "1", "26": "1", "27": "1", "28": "1", "29": "1", "30": "1", "31": "1", "32": "2", "33": "2", "34": "2", "35": "2", "36": "2", "37": "2", "38": "2", "39": "2", "40": "2", "41": "2"}, "target": 5}