{"edges": [[0, 1], [2, 1], [3, 1], [4, 1], [1, 0], [3, 0], [5, 0], [6, 0], [7, 8], [9, 8], [10, 8], [11, 8], [12, 8], [8, 7], [9, 7], [10, 7], [13, 7], [14, 7], [8, 9], [7, 9], [14, 9], [1, 2], [3, 2], [4, 2], [15, 2], [1, 3], [0, 3], [2, 3], [4, 3], [15, 3], [8, 10], [7, 10], [11, 10], [12, 10], [13, 10], [8, 11], [10, 11], [12, 11], [16, 11], [8, 12], [10, 12], [11, 12], [11, 16], [5, 16], [6, 16], [17, 16], [0, 5], [16, 5], [6, 5], [17, 5], [7, 13], [10, 13], [14, 13], [1, 4], [2, 4], [3, 4], [15, 4], [2, 15], [3, 15], [4, 15], [0, 6], [16, 6], [5, 6], [17, 6], [16, 17], [5, 17], [6, 17], [7, 14], [9, 14], [13, 14]], "labels": {"0": "1", "1": "1", "2": "2", "3": "2", "4": "2", "5": "2", "6": "3", "7": "1", "8": "1", "9": "1", "10": "2", "11": "2", "12": "2", "13": "2", "14": "3", "15": "3", "16": "2", "17": "3"}, "target": 5}