{"edges": [[0, 1], [2, 1], [3, 1], [4, 1], [5, 6], [7, 6], [8, 6], [9, 10], [11, 10], [12, 10], [3, 10], [4, 10], [10, 9], [11, 9], [12, 9], [6, 5], [7, 5], [13, 5], [8, 5], [14, 5], [0, 15], [14, 15], [16, 15], [6, 7], [5, 7], [8, 7], [10, 11], [9, 11], [12, 11], [3, 11], [4, 11], [10, 12], [9, 12], [11, 12], [5, 13], [8, 13], [14, 13], [1, 0], [15, 0], [16, 0], [2, 0], [6, 8], [5, 8], [7, 8], [13, 8], [14, 8], [5, 14], [15, 14], [13, 14], [8, 14], [16, 14], [15, 16], [0, 16], [14, 16], [1, 2], [0, 2], [3, 2], [4, 2], [1, 3], [10, 3], [11, 3], [2, 3], [4, 3], [1, 4], [10, 4], [11, 4], [2, 4], [3, 4]], "labels": {"0": "2", "1": "1", "2": "3", "3": "3", "4": "3", "5": "2", "6": "2", "7": "2", "8": "3", "9": "2", "10": "2", "11": "2", "12": "2", "13": "2", "14": "3", "15": "2", "16": "3"}, "target": 5}