{"edges": [[0, 1], [2, 1], [3, 1], [4, 5], [6, 5], [7, 5], [5, 4], [7, 4], [8, 4], [1, 0], [9, 0], [10, 0], [2, 0], [3, 0], [0, 9], [10, 9], [2, 9], [3, 9], [5, 6], [10, 6], [7, 6], [8, 6], [0, 10], [9, 10], [6, 10], [7, 10], [5, 7], [4, 7], [6, 7], [10, 7], [11, 7], [8, 7], [12, 7], [1, 2], [0, 2], [9, 2], [3, 2], [1, 3], [0, 3], [9, 3], [2, 3], [7, 11], [8, 11], [12, 11], [4, 8], [6, 8], [7, 8], [11, 8], [12, 8], [7, 12], [11, 12], [8, 12]], "labels": {"0": "2", "1": "1", "2": "2", "3": "2", "4": "1", "5": "1", "6": "2", "7": "2", "8": "2", "9": "2", "10": "2", "11": "2", "12": "2"}, "target": 5}