{"edges": [[0, 1], [2, 1], [3, 1], [4, 5], [6, 5], [7, 5], [5, 4], [7, 4], [8, 4], [9, 10], [11, 10], [12, 10], [10, 9], [11, 9], [13, 9], [10, 11], [9, 11], [13, 11], [14, 11], [9, 13], [11, 13], [14, 13], [15, 13], [11, 14], [13, 14], [15, 14], [13, 15], [14, 15], [16, 15], [17, 15], [18, 15], [15, 16], [17, 16], [18, 16], [15, 17], [16, 17], [18, 17], [15, 18], [16, 18], [17, 18], [1, 0], [19, 0], [20, 0], [2, 0], [3, 0], [0, 19], [6, 19], [20, 19], [5, 6], [19, 6], [20, 6], [7, 6], [0, 20], [19, 20], [6, 20], [7, 20], [5, 7], [4, 7], [6, 7], [20, 7], [12, 7], [8, 7], [21, 7], [1, 2], [0, 2], [3, 2], [1, 3], [0, 3], [2, 3], [10, 12], [7, 12], [8, 12], [21, 12], [4, 8], [7, 8], [12, 8], [21, 8], [7, 21], [12, 21], [8, 21]], "labels": {"0": "2", "1": "1", "2": "2", "3": "2", "4": "1", "5": "1", "6": "2", "7": "2", "8": "2", "9": "1", "10": "1", "11": "1", "12": "2", "13": "1", "14": "1", "15": "1", "16": "1", "17": "1", "18": "1", "19": "2", "20": "2", "21": "2"}, "target": 5}