{"edges": [[0, 1], [2, 1], [3, 1], [4, 5], [6, 5], [7, 5], [8, 5], [9, 5], [5, 4], [6, 4], [7, 4], [10, 4], [9, 4], [11, 4], [5, 6], [4, 6], [7, 6], [10, 6], [12, 6], [5, 7], [4, 7], [6, 7], [10, 7], [4, 10], [6, 10], [7, 10], [1, 0], [13, 0], [14, 0], [2, 0], [3, 0], [0, 13], [8, 13], [14, 13], [2, 13], [3, 13], [5, 8], [13, 8], [14, 8], [9, 8], [11, 8], [0, 14], [13, 14], [8, 14], [9, 14], [5, 9], [4, 9], [8, 9], [14, 9], [12, 9], [11, 9], [15, 9], [1, 2], [0, 2], [13, 2], [3, 2], [1, 3], [0, 3], [13, 3], [2, 3], [6, 12], [9, 12], [11, 12], [15, 12], [4, 11], [8, 11], [9, 11], [12, 11], [15, 11], [9, 15], [12, 15], [11, 15]], "labels": {"0": "2", "1": "1", "2": "2", "3": "2", "4": "1", "5": "1", "6": "1", "7": "1", "8": "2", "9": "2", "10": "1", "11": "2", "12": "2", "13": "2", "14": "2", "15": "2"}, "target": 5}