{"edges": [[0, 1], [2, 1], [3, 1], [4, 1], [1, 0], [2, 0], [3, 0], [5, 0], [1, 2], [0, 2], [3, 2], [6, 2], [1, 3], [0, 3], [2, 3], [7, 3], [8, 3], [9, 10], [11, 10], [12, 10], [2, 6], [13, 6], [7, 6], [8, 6], [5, 6], [6, 13], [7, 13], [8, 13], [10, 9], [4, 9], [11, 9], [12, 9], [5, 9], [1, 4], [9, 4], [12, 4], [5, 4], [10, 11], [9, 11], [12, 11], [3, 7], [6, 7], [13, 7], [8, 7], [5, 7], [3, 8], [6, 8], [13, 8], [7, 8], [10, 12], [9, 12], [4, 12], [11, 12], [0, 5], [6, 5], [9, 5], [4, 5], [7, 5]], "labels": {"0": "1", "1": "1", "2": "1", "3": "1", "4": "2", "5": "2", "6": "2", "7": "2", "8": "2", "9": "2", "10": "2", "11": "2", "12": "2", "13": "2"}, "target": 5}