{"edges": [[0, 1], [2, 1], [3, 1], [4, 1], [1, 0], [2, 0], [3, 0], [5, 0], [6, 0], [1, 2], [0, 2], [5, 2], [7, 2], [8, 2], [3, 9], [4, 9], [10, 9], [11, 9], [1, 3], [0, 3], [9, 3], [12, 3], [13, 3], [1, 4], [9, 4], [14, 4], [15, 4], [16, 4], [17, 4], [18, 19], [6, 19], [11, 19], [17, 19], [19, 18], [5, 18], [7, 18], [10, 18], [20, 18], [5, 21], [7, 21], [10, 21], [22, 21], [23, 21], [24, 25], [0, 5], [2, 5], [18, 5], [21, 5], [7, 5], [8, 26], [24, 27], [28, 27], [29, 27], [30, 27], [4, 14], [28, 14], [6, 14], [25, 24], [27, 24], [2, 7], [18, 7], [21, 7], [5, 7], [2, 8], [26, 8], [27, 28], [14, 28], [31, 28], [32, 28], [0, 6], [19, 6], [14, 6], [17, 6], [33, 34], [9, 10], [18, 10], [21, 10], [12, 10], [13, 35], [28, 31], [33, 31], [29, 31], [30, 31], [4, 15], [29, 15], [11, 15], [34, 33], [31, 33], [3, 12], [10, 12], [3, 13], [35, 13], [27, 29], [31, 29], [15, 29], [9, 11], [19, 11], [15, 11], [17, 11], [32, 36], [37, 36], [18, 20], [22, 20], [23, 38], [28, 32], [36, 32], [30, 32], [4, 16], [30, 16], [36, 37], [21, 22], [20, 22], [21, 23], [38, 23], [27, 30], [31, 30], [32, 30], [16, 30], [4, 17], [19, 17], [6, 17], [11, 17]], "labels": {"0": "1", "1": "1", "2": "1", "3": "1", "4": "1", "5": "2", "6": "2", "7": "2", "8": "2", "9": "1", "10": "2", "11": "2", "12": "2", "13": "2", "14": "2", "15": "2", "16": "2", "17": "2", "18": "1", "19": "1", "20": "2", "21": "1", "22": "2", "23": "2", "24": "2", "25": "2", "26": "2", "27": "2", "28": "2", "29": "2", "30": "2", "31": "2", "32": "2", "33": "2", "34": "2", "35": "2", "36": "2", "37": "2", "38": "2"}, "target": 5}