{"edges": [[0, 1], [2, 1], [3, 1], [1, 0], [4, 0], [2, 0], [3, 0], [5, 6], [7, 6], [8, 6], [9, 6], [6, 5], [7, 5], [10, 5], [11, 5], [4, 12], [13, 12], [2, 12], [0, 4], [12, 4], [13, 4], [2, 4], [6, 7], [5, 7], [8, 7], [10, 7], [14, 7], [8, 15], [16, 15], [9, 15], [6, 8], [7, 8], [15, 8], [9, 8], [15, 16], [17, 16], [3, 16], [18, 16], [9, 16], [16, 17], [3, 17], [18, 17], [10, 19], [14, 19], [11, 19], [12, 13], [4, 13], [2, 13], [5, 10], [7, 10], [19, 10], [14, 10], [11, 10], [7, 14], [19, 14], [10, 14], [11, 14], [1, 2], [0, 2], [12, 2], [4, 2], [13, 2], [1, 3], [0, 3], [16, 3], [17, 3], [18, 3], [16, 18], [17, 18], [3, 18], [6, 9], [15, 9], [8, 9], [16, 9], [5, 11], [19, 11], [10, 11], [14, 11]], "labels": {"0": "1", "1": "1", "2": "3", "3": "3", "4": "2", "5": "1", "6": "1", "7": "2", "8": "2", "9": "3", "10": "2", "11": "3", "12": "2", "13": "2", "14": "2", "15": "2", "16": "2", "17": "2", "18": "3", "19": "2"}, "target": 5}