{"edges": [[0, 1], [2, 1], [3, 4], [5, 4], [6, 4], [7, 4], [8, 4], [9, 10], [11, 10], [12, 10], [13, 10], [3, 14], [0, 14], [8, 14], [2, 14], [4, 3], [14, 3], [5, 3], [15, 3], [16, 3], [10, 9], [11, 9], [17, 18], [19, 18], [4, 5], [3, 5], [7, 5], [0, 5], [4, 6], [20, 6], [18, 17], [21, 17], [22, 17], [21, 23], [0, 23], [2, 23], [10, 11], [9, 11], [19, 11], [18, 19], [11, 19], [4, 7], [5, 7], [6, 20], [17, 21], [23, 21], [24, 21], [1, 0], [14, 0], [5, 0], [23, 0], [2, 0], [10, 12], [13, 12], [25, 12], [25, 26], [22, 26], [4, 8], [14, 8], [16, 8], [3, 15], [27, 15], [21, 24], [28, 24], [22, 24], [24, 28], [2, 28], [10, 13], [12, 13], [12, 25], [26, 25], [3, 16], [8, 16], [15, 27], [17, 22], [26, 22], [24, 22], [1, 2], [14, 2], [23, 2], [0, 2], [28, 2]], "labels": {"0": "2", "1": "1", "2": "2", "3": "1", "4": "1", "5": "2", "6": "2", "7": "2", "8": "2", "9": "2", "10": "1", "11": "2", "12": "2", "13": "2", "14": "1", "15": "2", "16": "2", "17": "2", "18": "2", "19": "2", "20": "2", "21": "2", "22": "2", "23": "2", "24": "2", "25": "2", "26": "2", "27": "2", "28": "2"}, "target": 5}