{"edges": [[0, 1], [2, 1], [3, 4], [5, 4], [6, 4], [7, 4], [4, 3], [8, 3], [5, 3], [7, 3], [9, 3], [0, 10], [11, 10], [2, 10], [3, 8], [5, 8], [6, 8], [12, 8], [13, 8], [4, 5], [3, 5], [8, 5], [7, 5], [13, 5], [14, 5], [15, 16], [0, 16], [17, 16], [16, 15], [18, 15], [11, 15], [4, 6], [8, 6], [18, 6], [7, 6], [19, 6], [13, 6], [15, 18], [6, 18], [12, 18], [4, 7], [3, 7], [5, 7], [6, 7], [9, 7], [14, 7], [1, 0], [10, 0], [16, 0], [20, 0], [21, 0], [0, 20], [2, 20], [3, 9], [7, 9], [14, 9], [10, 11], [15, 11], [17, 11], [16, 17], [11, 17], [19, 17], [8, 12], [18, 12], [19, 12], [6, 19], [17, 19], [12, 19], [8, 13], [5, 13], [6, 13], [1, 2], [10, 2], [20, 2], [21, 2], [0, 21], [2, 21], [5, 14], [7, 14], [9, 14]], "labels": {"0": "2", "1": "1", "2": "2", "3": "1", "4": "1", "5": "1", "6": "2", "7": "2", "8": "1", "9": "2", "10": "1", "11": "2", "12": "2", "13": "2", "14": "2", "15": "2", "16": "2", "17": "2", "18": "2", "19": "2", "20": "2", "21": "2"}, "target": 5}