{"edges": [[0, 1], [2, 1], [3, 1], [4, 1], [1, 0], [2, 0], [3, 0], [5, 0], [6, 0], [7, 0], [4, 0], [8, 9], [10, 9], [11, 9], [12, 9], [13, 9], [14, 9], [9, 8], [10, 8], [11, 8], [14, 8], [9, 10], [8, 10], [15, 10], [14, 10], [10, 15], [11, 15], [14, 15], [1, 2], [0, 2], [3, 2], [7, 2], [1, 3], [0, 3], [2, 3], [7, 3], [9, 11], [8, 11], [15, 11], [12, 11], [13, 11], [9, 12], [11, 12], [13, 12], [5, 12], [9, 13], [11, 13], [12, 13], [0, 5], [12, 5], [6, 5], [4, 5], [16, 5], [0, 6], [5, 6], [4, 6], [16, 6], [0, 7], [2, 7], [3, 7], [1, 4], [0, 4], [5, 4], [6, 4], [16, 4], [5, 16], [6, 16], [4, 16], [9, 14], [8, 14], [10, 14], [15, 14]], "labels": {"0": "1", "1": "1", "2": "2", "3": "2", "4": "3", "5": "2", "6": "2", "7": "3", "8": "1", "9": "1", "10": "1", "11": "2", "12": "2", "13": "2", "14": "3", "15": "2", "16": "3"}, "target": 5}