{"edges": [[0, 1], [2, 1], [3, 1], [1, 0], [2, 0], [3, 0], [4, 0], [5, 6], [4, 6], [7, 6], [6, 5], [8, 5], [7, 5], [5, 8], [9, 8], [7, 8], [10, 8], [8, 9], [11, 9], [10, 9], [9, 11], [12, 11], [10, 11], [11, 12], [13, 12], [14, 12], [12, 13], [15, 13], [14, 13], [13, 15], [16, 15], [14, 15], [15, 16], [17, 16], [18, 16], [16, 17], [19, 17], [20, 17], [21, 17], [18, 17], [17, 19], [20, 19], [21, 19], [17, 20], [19, 20], [21, 20], [17, 21], [19, 21], [20, 21], [18, 21], [1, 2], [0, 2], [3, 2], [1, 3], [0, 3], [2, 3], [4, 3], [0, 4], [6, 4], [3, 4], [6, 7], [5, 7], [8, 7], [8, 10], [9, 10], [11, 10], [12, 14], [13, 14], [15, 14], [16, 18], [17, 18], [21, 18]], "labels": {"0": "1", "1": "1", "2": "2", "3": "2", "4": "2", "5": "1", "6": "1", "7": "2", "8": "1", "9": "1", "10": "2", "11": "1", "12": "1", "13": "1", "14": "2", "15": "1", "16": "1", "17": "1", "18": "2", "19": "1", "20": "1", "21": "2"}, "target": 5}