{"edges": [[0, 1], [2, 1], [3, 1], [1, 0], [2, 0], [3, 0], [4, 0], [5, 0], [1, 2], [0, 2], [3, 2], [6, 2], [7, 2], [8, 2], [1, 3], [0, 3], [2, 3], [6, 3], [7, 3], [2, 6], [3, 6], [7, 6], [9, 6], [2, 7], [3, 7], [6, 7], [10, 7], [11, 7], [12, 7], [7, 10], [13, 10], [14, 10], [15, 10], [10, 13], [16, 13], [17, 13], [18, 13], [19, 13], [13, 16], [17, 16], [20, 16], [21, 16], [22, 16], [13, 17], [16, 17], [20, 17], [23, 17], [24, 17], [25, 17], [16, 20], [17, 20], [23, 20], [26, 20], [27, 20], [24, 20], [17, 23], [20, 23], [26, 23], [28, 23], [29, 23], [30, 23], [31, 23], [20, 26], [23, 26], [28, 26], [29, 26], [32, 26], [33, 26], [23, 28], [26, 28], [29, 28], [33, 28], [34, 28], [23, 29], [26, 29], [28, 29], [34, 29], [35, 29], [4, 36], [5, 36], [8, 36], [0, 4], [36, 4], [5, 4], [8, 4], [0, 5], [36, 5], [4, 5], [8, 5], [9, 5], [7, 11], [14, 11], [12, 11], [9, 11], [10, 14], [11, 14], [37, 14], [15, 14], [16, 21], [19, 21], [38, 21], [22, 21], [25, 21], [13, 18], [37, 18], [15, 18], [19, 18], [38, 18], [14, 37], [18, 37], [15, 37], [19, 37], [10, 15], [14, 15], [18, 15], [37, 15], [2, 8], [36, 8], [4, 8], [5, 8], [12, 8], [9, 8], [7, 12], [11, 12], [8, 12], [9, 12], [6, 9], [5, 9], [11, 9], [8, 9], [12, 9], [13, 19], [21, 19], [18, 19], [37, 19], [38, 19], [21, 38], [18, 38], [19, 38], [22, 38], [16, 22], [21, 22], [38, 22], [25, 22], [20, 27], [24, 27], [30, 27], [31, 27], [32, 27], [17, 24], [20, 24], [27, 24], [25, 24], [30, 24], [17, 25], [21, 25], [22, 25], [24, 25], [23, 30], [27, 30], [24, 30], [31, 30], [32, 30], [23, 31], [27, 31], [30, 31], [32, 31], [26, 32], [27, 32], [30, 32], [31, 32], [33, 32], [26, 33], [28, 33], [32, 33], [34, 33], [39, 33], [35, 33], [28, 34], [29, 34], [33, 34], [39, 34], [35, 34], [33, 39], [34, 39], [35, 39], [29, 35], [33, 35], [34, 35], [39, 35]], "labels": {"0": "1", "1": "1", "2": "1", "3": "1", "4": "2", "5": "2", "6": "1", "7": "1", "8": "2", "9": "2", "10": "1", "11": "2", "12": "2", "13": "1", "14": "2", "15": "2", "16": "1", "17": "1", "18": "2", "19": "2", "20": "1", "21": "2", "22": "2", "23": "1", "24": "2", "25": "2", "26": "1", "27": "2", "28": "1", "29": "1", "30": "2", "31": "2", "32": "2", "33": "2", "34": "2", "35": "2", "36": "2", "37": "2", "38": "2", "39": "2"}, "target": 6}