{"edges": [[0, 1], [2, 1], [3, 1], [4, 1], [1, 0], [2, 0], [5, 0], [1, 2], [0, 2], [6, 2], [7, 2], [2, 6], [8, 6], [9, 6], [7, 6], [10, 6], [6, 8], [9, 8], [10, 8], [6, 9], [8, 9], [11, 9], [10, 9], [12, 9], [9, 11], [13, 11], [14, 11], [12, 11], [11, 13], [14, 13], [15, 13], [12, 13], [11, 14], [13, 14], [15, 14], [16, 14], [17, 14], [13, 15], [14, 15], [16, 15], [17, 15], [14, 16], [15, 16], [18, 16], [17, 16], [16, 18], [19, 18], [17, 18], [18, 19], [20, 19], [21, 19], [19, 20], [22, 20], [23, 20], [21, 20], [24, 20], [20, 22], [23, 22], [24, 22], [20, 23], [22, 23], [1, 3], [5, 3], [4, 3], [0, 5], [3, 5], [7, 5], [4, 5], [2, 7], [6, 7], [5, 7], [10, 7], [6, 10], [8, 10], [9, 10], [7, 10], [9, 12], [11, 12], [13, 12], [14, 17], [15, 17], [16, 17], [18, 17], [19, 21], [20, 21], [24, 21], [20, 24], [22, 24], [21, 24], [1, 4], [3, 4], [5, 4]], "labels": {"0": "1", "1": "1", "2": "1", "3": "2", "4": "2", "5": "2", "6": "1", "7": "2", "8": "1", "9": "1", "10": "2", "11": "1", "12": "2", "13": "1", "14": "1", "15": "1", "16": "1", "17": "2", "18": "1", "19": "1", "20": "1", "21": "2", "22": "1", "23": "1", "24": "2"}, "target": 5}