{"edges": [[0, 1], [2, 1], [1, 0], [2, 0], [3, 0], [4, 0], [1, 2], [0, 2], [5, 2], [6, 2], [7, 8], [9, 8], [6, 8], [10, 8], [8, 7], [11, 7], [12, 7], [13, 7], [10, 7], [7, 11], [14, 11], [15, 11], [9, 11], [16, 11], [11, 14], [15, 14], [17, 14], [16, 14], [11, 15], [14, 15], [18, 15], [19, 15], [20, 15], [18, 21], [20, 21], [22, 21], [15, 18], [21, 18], [23, 18], [24, 18], [18, 23], [24, 23], [25, 23], [26, 23], [18, 24], [23, 24], [25, 24], [27, 24], [26, 24], [28, 24], [23, 25], [24, 25], [27, 25], [28, 25], [24, 27], [25, 27], [28, 27], [5, 29], [3, 29], [30, 29], [31, 29], [2, 5], [29, 5], [3, 5], [31, 5], [0, 3], [29, 3], [5, 3], [32, 3], [7, 12], [9, 12], [32, 12], [33, 12], [8, 9], [11, 9], [12, 9], [13, 9], [33, 9], [7, 13], [9, 13], [19, 13], [17, 13], [34, 13], [15, 19], [13, 19], [17, 19], [34, 19], [14, 17], [13, 17], [19, 17], [35, 17], [22, 17], [35, 36], [20, 36], [22, 36], [17, 35], [36, 35], [37, 35], [38, 35], [35, 37], [38, 37], [39, 37], [40, 37], [41, 37], [35, 38], [37, 38], [39, 38], [40, 38], [41, 38], [42, 38], [37, 39], [38, 39], [40, 39], [42, 39], [37, 40], [38, 40], [39, 40], [4, 43], [44, 43], [45, 43], [0, 4], [43, 4], [6, 4], [32, 4], [2, 6], [8, 6], [4, 6], [10, 6], [31, 6], [33, 6], [8, 10], [7, 10], [6, 10], [16, 10], [32, 10], [34, 10], [11, 16], [14, 16], [10, 16], [33, 16], [15, 20], [21, 20], [36, 20], [23, 26], [24, 26], [28, 26], [42, 26], [24, 28], [25, 28], [27, 28], [26, 28], [41, 28], [43, 44], [30, 44], [45, 44], [29, 30], [44, 30], [45, 30], [29, 31], [5, 31], [6, 31], [32, 31], [3, 32], [12, 32], [4, 32], [10, 32], [31, 32], [33, 32], [12, 33], [9, 33], [6, 33], [16, 33], [32, 33], [34, 33], [13, 34], [19, 34], [10, 34], [33, 34], [21, 22], [17, 22], [36, 22], [37, 41], [38, 41], [28, 41], [42, 41], [38, 42], [39, 42], [26, 42], [41, 42], [43, 45], [44, 45], [30, 45]], "labels": {"0": "1", "1": "1", "2": "1", "3": "1", "4": "2", "5": "1", "6": "2", "7": "1", "8": "1", "9": "1", "10": "2", "11": "1", "12": "1", "13": "1", "14": "1", "15": "1", "16": "2", "17": "1", "18": "1", "19": "1", "20": "2", "21": "1", "22": "2", "23": "1", "24": "1", "25": "1", "26": "2", "27": "1", "28": "2", "29": "1", "30": "2", "31": "2", "32": "2", "33": "2", "34": "2", "35": "1", "36": "1", "37": "1", "38": "1", "39": "1", "40": "1", "41": "2", "42": "2", "43": "2", "44": "2", "45": "2"}, "target": 5}