{"edges": [[0, 1], [2, 1], [3, 1], [1, 0], [2, 0], [4, 0], [5, 0], [1, 2], [0, 2], [3, 2], [6, 2], [7, 8], [9, 8], [6, 8], [10, 8], [8, 7], [11, 7], [12, 7], [13, 7], [10, 7], [14, 7], [7, 11], [9, 11], [15, 11], [16, 11], [17, 18], [16, 18], [19, 18], [18, 17], [20, 17], [15, 17], [16, 17], [19, 17], [17, 20], [21, 20], [22, 20], [23, 20], [24, 25], [22, 25], [23, 25], [25, 24], [26, 24], [22, 24], [23, 24], [24, 26], [27, 26], [28, 26], [29, 30], [27, 30], [31, 30], [28, 30], [32, 30], [30, 29], [33, 29], [31, 29], [29, 33], [31, 33], [32, 33], [3, 34], [4, 34], [35, 34], [36, 34], [1, 3], [2, 3], [34, 3], [4, 3], [35, 3], [0, 4], [34, 4], [3, 4], [37, 4], [7, 12], [9, 12], [37, 12], [14, 12], [8, 9], [11, 9], [12, 9], [13, 9], [14, 9], [7, 13], [9, 13], [19, 13], [11, 15], [17, 15], [38, 15], [19, 15], [15, 38], [39, 38], [21, 38], [38, 39], [21, 39], [40, 39], [41, 39], [23, 39], [20, 21], [38, 21], [39, 21], [40, 21], [23, 21], [39, 40], [21, 40], [41, 40], [39, 41], [40, 41], [42, 41], [43, 41], [44, 41], [28, 41], [41, 42], [43, 42], [44, 42], [28, 42], [32, 42], [41, 43], [42, 43], [44, 43], [32, 43], [41, 44], [42, 44], [43, 44], [45, 46], [36, 46], [0, 5], [6, 5], [45, 5], [35, 5], [37, 5], [2, 6], [8, 6], [5, 6], [35, 6], [8, 10], [7, 10], [37, 10], [11, 16], [18, 16], [17, 16], [20, 22], [25, 22], [24, 22], [26, 27], [30, 27], [31, 27], [32, 27], [30, 31], [29, 31], [33, 31], [27, 31], [46, 45], [5, 45], [47, 45], [36, 45], [45, 47], [36, 47], [34, 35], [3, 35], [5, 35], [6, 35], [37, 35], [4, 37], [12, 37], [5, 37], [10, 37], [35, 37], [14, 37], [7, 14], [12, 14], [9, 14], [37, 14], [18, 19], [17, 19], [13, 19], [15, 19], [20, 23], [25, 23], [24, 23], [39, 23], [21, 23], [26, 28], [30, 28], [41, 28], [42, 28], [30, 32], [33, 32], [42, 32], [43, 32], [27, 32], [34, 36], [46, 36], [45, 36], [47, 36]], "labels": {"0": "1", "1": "1", "2": "1", "3": "1", "4": "1", "5": "2", "6": "2", "7": "1", "8": "1", "9": "1", "10": "2", "11": "1", "12": "1", "13": "1", "14": "2", "15": "1", "16": "2", "17": "1", "18": "1", "19": "2", "20": "1", "21": "1", "22": "2", "23": "2", "24": "1", "25": "1", "26": "1", "27": "2", "28": "2", "29": "1", "30": "1", "31": "2", "32": "2", "33": "1", "34": "1", "35": "2", "36": "2", "37": "2", "38": "1", "39": "1", "40": "1", "41": "1", "42": "1", "43": "1", "44": "1", "45": "2", "46": "2", "47": "2"}, "target": 5}