{"edges": [[0, 1], [2, 1], [3, 1], [1, 0], [2, 0], [3, 0], [4, 0], [5, 0], [1, 2], [0, 2], [3, 2], [6, 2], [7, 2], [8, 2], [1, 3], [0, 3], [2, 3], [6, 3], [7, 3], [2, 6], [3, 6], [7, 6], [9, 6], [2, 7], [3, 7], [6, 7], [10, 7], [11, 7], [12, 7], [7, 10], [13, 10], [14, 10], [15, 10], [10, 13], [16, 13], [17, 13], [18, 13], [19, 13], [13, 16], [17, 16], [20, 16], [21, 16], [22, 16], [13, 17], [16, 17], [20, 17], [23, 17], [24, 17], [22, 17], [16, 20], [17, 20], [23, 20], [25, 20], [24, 20], [26, 20], [17, 23], [20, 23], [25, 23], [27, 23], [28, 23], [26, 23], [29, 23], [20, 25], [23, 25], [27, 25], [28, 25], [30, 25], [31, 25], [23, 27], [25, 27], [28, 27], [31, 27], [32, 27], [23, 28], [25, 28], [27, 28], [32, 28], [33, 28], [4, 34], [5, 34], [8, 34], [0, 4], [34, 4], [5, 4], [8, 4], [0, 5], [34, 5], [4, 5], [8, 5], [9, 5], [7, 11], [14, 11], [12, 11], [9, 11], [10, 14], [11, 14], [35, 14], [15, 14], [16, 21], [18, 21], [19, 21], [36, 21], [22, 21], [13, 18], [21, 18], [35, 18], [15, 18], [19, 18], [36, 18], [14, 35], [18, 35], [15, 35], [19, 35], [10, 15], [14, 15], [18, 15], [35, 15], [2, 8], [34, 8], [4, 8], [5, 8], [12, 8], [9, 8], [7, 12], [11, 12], [8, 12], [9, 12], [6, 9], [5, 9], [11, 9], [8, 9], [12, 9], [13, 19], [21, 19], [18, 19], [35, 19], [36, 19], [21, 36], [18, 36], [19, 36], [22, 36], [17, 24], [20, 24], [22, 24], [26, 24], [29, 24], [16, 22], [17, 22], [21, 22], [36, 22], [24, 22], [20, 26], [23, 26], [24, 26], [29, 26], [30, 26], [23, 29], [24, 29], [26, 29], [30, 29], [25, 30], [26, 30], [29, 30], [31, 30], [25, 31], [27, 31], [30, 31], [32, 31], [37, 31], [33, 31], [27, 32], [28, 32], [31, 32], [37, 32], [33, 32], [31, 37], [32, 37], [33, 37], [28, 33], [31, 33], [32, 33], [37, 33]], "labels": {"0": "1", "1": "1", "2": "1", "3": "1", "4": "2", "5": "2", "6": "1", "7": "1", "8": "2", "9": "2", "10": "1", "11": "2", "12": "2", "13": "1", "14": "2", "15": "2", "16": "1", "17": "1", "18": "2", "19": "2", "20": "1", "21": "2", "22": "2", "23": "1", "24": "2", "25": "1", "26": "2", "27": "1", "28": "1", "29": "2", "30": "2", "31": "2", "32": "2", "33": "2", "34": "2", "35": "2", "36": "2", "37": "2"}, "target": 6}