{"edges": [[0, 1], [2, 1], [1, 0], [3, 0], [4, 5], [6, 5], [5, 4], [7, 4], [3, 4], [8, 4], [4, 7], [9, 7], [6, 7], [10, 7], [11, 7], [12, 7], [13, 7], [7, 9], [14, 9], [15, 9], [9, 14], [16, 14], [11, 14], [14, 16], [17, 16], [18, 16], [16, 17], [18, 17], [19, 17], [20, 17], [16, 18], [17, 18], [19, 18], [17, 19], [18, 19], [21, 19], [2, 22], [23, 22], [1, 2], [22, 2], [3, 2], [0, 3], [4, 3], [2, 3], [6, 3], [5, 6], [7, 6], [3, 6], [8, 6], [10, 6], [12, 6], [4, 8], [6, 8], [15, 24], [11, 24], [13, 24], [9, 15], [24, 15], [11, 15], [25, 15], [13, 15], [26, 15], [27, 28], [25, 28], [26, 28], [28, 27], [29, 27], [20, 27], [27, 29], [30, 29], [21, 29], [29, 30], [31, 30], [22, 23], [32, 23], [33, 23], [23, 32], [34, 32], [35, 32], [36, 32], [32, 34], [33, 34], [7, 10], [6, 10], [7, 11], [14, 11], [24, 11], [15, 11], [15, 25], [28, 25], [17, 20], [27, 20], [21, 20], [31, 20], [19, 21], [29, 21], [20, 21], [37, 21], [31, 21], [32, 35], [33, 35], [23, 33], [34, 33], [35, 33], [36, 33], [32, 36], [33, 36], [7, 12], [6, 12], [7, 13], [24, 13], [15, 13], [15, 26], [28, 26], [21, 37], [31, 37], [30, 31], [20, 31], [21, 31], [37, 31]], "labels": {"0": "1", "1": "1", "2": "1", "3": "1", "4": "1", "5": "1", "6": "1", "7": "1", "8": "1", "9": "1", "10": "2", "11": "2", "12": "2", "13": "2", "14": "1", "15": "1", "16": "1", "17": "1", "18": "1", "19": "1", "20": "2", "21": "2", "22": "1", "23": "2", "24": "1", "25": "2", "26": "2", "27": "1", "28": "1", "29": "1", "30": "1", "31": "2", "32": "2", "33": "2", "34": "2", "35": "2", "36": "2", "37": "2"}, "target": 5}