{"edges": [[0, 1], [2, 1], [1, 0], [3, 0], [4, 0], [5, 0], [6, 7], [8, 7], [5, 7], [9, 7], [7, 6], [10, 6], [11, 6], [12, 6], [9, 6], [6, 10], [8, 10], [9, 10], [13, 10], [14, 10], [15, 10], [16, 17], [18, 17], [13, 17], [17, 16], [18, 16], [13, 16], [15, 16], [17, 18], [16, 18], [19, 18], [20, 18], [21, 22], [23, 22], [19, 22], [20, 22], [22, 21], [24, 21], [25, 21], [21, 24], [26, 24], [27, 24], [28, 24], [29, 24], [25, 24], [24, 26], [27, 26], [30, 26], [28, 26], [24, 27], [26, 27], [31, 27], [0, 3], [2, 3], [32, 3], [33, 3], [1, 2], [3, 2], [33, 2], [34, 2], [6, 11], [8, 11], [34, 11], [14, 11], [7, 8], [10, 8], [11, 8], [12, 8], [14, 8], [6, 12], [8, 12], [35, 12], [36, 12], [15, 12], [12, 35], [36, 35], [15, 35], [12, 36], [35, 36], [23, 36], [37, 36], [20, 36], [22, 23], [36, 23], [37, 23], [38, 23], [20, 23], [36, 37], [23, 37], [38, 37], [23, 38], [37, 38], [39, 38], [25, 38], [38, 39], [31, 39], [30, 39], [29, 39], [25, 39], [27, 31], [39, 31], [30, 31], [29, 31], [26, 30], [39, 30], [31, 30], [24, 28], [26, 28], [29, 28], [25, 28], [4, 40], [32, 40], [33, 40], [0, 4], [40, 4], [5, 4], [32, 4], [34, 4], [0, 5], [7, 5], [4, 5], [9, 5], [33, 5], [14, 5], [7, 9], [6, 9], [10, 9], [5, 9], [10, 13], [17, 13], [16, 13], [18, 19], [22, 19], [20, 19], [24, 29], [39, 29], [31, 29], [28, 29], [25, 29], [3, 32], [40, 32], [4, 32], [33, 32], [3, 33], [2, 33], [40, 33], [5, 33], [32, 33], [34, 33], [2, 34], [11, 34], [4, 34], [33, 34], [10, 14], [11, 14], [8, 14], [5, 14], [10, 15], [16, 15], [12, 15], [35, 15], [18, 20], [22, 20], [36, 20], [23, 20], [19, 20], [21, 25], [24, 25], [38, 25], [39, 25], [28, 25], [29, 25]], "labels": {"0": "1", "1": "1", "2": "1", "3": "1", "4": "2", "5": "2", "6": "1", "7": "1", "8": "1", "9": "2", "10": "1", "11": "1", "12": "1", "13": "2", "14": "2", "15": "2", "16": "1", "17": "1", "18": "1", "19": "2", "20": "2", "21": "1", "22": "1", "23": "1", "24": "1", "25": "2", "26": "1", "27": "1", "28": "2", "29": "2", "30": "1", "31": "1", "32": "2", "33": "2", "34": "2", "35": "1", "36": "1", "37": "1", "38": "1", "39": "1", "40": "2"}, "target": 5}