{"edges": [[0, 1], [2, 1], [1, 0], [3, 0], [4, 0], [5, 0], [6, 7], [8, 7], [9, 7], [5, 7], [10, 7], [7, 6], [11, 6], [8, 6], [12, 6], [10, 6], [6, 11], [13, 11], [14, 11], [9, 11], [15, 11], [11, 13], [14, 13], [16, 13], [15, 13], [11, 14], [13, 14], [17, 14], [18, 14], [19, 14], [14, 17], [20, 17], [21, 17], [19, 17], [17, 20], [21, 20], [22, 20], [23, 20], [17, 21], [20, 21], [22, 21], [24, 21], [23, 21], [25, 21], [20, 22], [21, 22], [24, 22], [25, 22], [0, 3], [2, 3], [26, 3], [27, 3], [1, 2], [3, 2], [8, 2], [27, 2], [28, 2], [7, 8], [6, 8], [2, 8], [9, 8], [28, 8], [29, 8], [7, 9], [11, 9], [8, 9], [12, 9], [29, 9], [6, 12], [9, 12], [18, 12], [16, 12], [30, 12], [14, 18], [12, 18], [16, 18], [30, 18], [13, 16], [12, 16], [18, 16], [31, 16], [32, 16], [16, 31], [33, 31], [34, 31], [32, 31], [31, 33], [34, 33], [23, 33], [35, 33], [31, 34], [33, 34], [24, 34], [35, 34], [36, 34], [21, 24], [22, 24], [34, 24], [36, 24], [37, 38], [39, 38], [0, 4], [5, 4], [28, 4], [39, 4], [0, 5], [7, 5], [4, 5], [10, 5], [27, 5], [29, 5], [7, 10], [6, 10], [5, 10], [15, 10], [28, 10], [30, 10], [11, 15], [13, 15], [10, 15], [19, 15], [29, 15], [32, 15], [14, 19], [17, 19], [15, 19], [30, 19], [32, 19], [20, 23], [21, 23], [33, 23], [25, 23], [36, 23], [21, 25], [22, 25], [23, 25], [35, 25], [38, 37], [26, 37], [39, 37], [3, 26], [37, 26], [39, 26], [3, 27], [2, 27], [5, 27], [28, 27], [2, 28], [8, 28], [4, 28], [10, 28], [27, 28], [29, 28], [8, 29], [9, 29], [5, 29], [15, 29], [28, 29], [30, 29], [12, 30], [18, 30], [10, 30], [19, 30], [29, 30], [32, 30], [16, 32], [31, 32], [15, 32], [19, 32], [30, 32], [33, 35], [34, 35], [25, 35], [36, 35], [34, 36], [24, 36], [23, 36], [35, 36], [38, 39], [4, 39], [37, 39], [26, 39]], "labels": {"0": "1", "1": "1", "2": "1", "3": "1", "4": "2", "5": "2", "6": "1", "7": "1", "8": "1", "9": "1", "10": "2", "11": "1", "12": "1", "13": "1", "14": "1", "15": "2", "16": "1", "17": "1", "18": "1", "19": "2", "20": "1", "21": "1", "22": "1", "23": "2", "24": "1", "25": "2", "26": "2", "27": "2", "28": "2", "29": "2", "30": "2", "31": "1", "32": "2", "33": "1", "34": "1", "35": "2", "36": "2", "37": "2", "38": "2", "39": "2"}, "target": 5}