{"edges": [[0, 1], [2, 1], [1, 0], [3, 0], [4, 0], [5, 0], [6, 7], [8, 7], [5, 7], [9, 7], [7, 6], [10, 6], [11, 6], [12, 6], [9, 6], [6, 10], [13, 10], [8, 10], [14, 10], [10, 13], [15, 13], [16, 13], [17, 13], [14, 13], [13, 15], [16, 15], [18, 15], [13, 16], [15, 16], [19, 16], [20, 16], [21, 16], [16, 19], [20, 19], [22, 19], [21, 19], [16, 20], [19, 20], [22, 20], [23, 20], [19, 22], [20, 22], [24, 22], [25, 22], [23, 22], [26, 22], [22, 24], [25, 24], [27, 24], [26, 24], [22, 25], [24, 25], [28, 25], [0, 3], [2, 3], [29, 3], [30, 3], [1, 2], [3, 2], [11, 2], [30, 2], [31, 2], [6, 11], [2, 11], [8, 11], [31, 11], [32, 11], [7, 8], [10, 8], [11, 8], [12, 8], [32, 8], [6, 12], [8, 12], [18, 12], [33, 12], [15, 18], [12, 18], [17, 18], [34, 18], [33, 18], [13, 17], [18, 17], [34, 17], [18, 34], [17, 34], [35, 34], [21, 34], [36, 34], [34, 35], [37, 35], [38, 35], [36, 35], [35, 37], [38, 37], [28, 37], [39, 37], [35, 38], [37, 38], [28, 38], [27, 38], [39, 38], [40, 38], [25, 28], [37, 28], [38, 28], [27, 28], [40, 28], [24, 27], [38, 27], [28, 27], [4, 41], [42, 41], [43, 41], [0, 4], [41, 4], [5, 4], [31, 4], [0, 5], [7, 5], [4, 5], [9, 5], [30, 5], [32, 5], [7, 9], [6, 9], [5, 9], [14, 9], [31, 9], [33, 9], [10, 14], [13, 14], [9, 14], [21, 14], [32, 14], [36, 14], [16, 21], [19, 21], [34, 21], [14, 21], [36, 21], [20, 23], [22, 23], [26, 23], [40, 23], [22, 26], [24, 26], [23, 26], [39, 26], [41, 42], [29, 42], [43, 42], [3, 29], [42, 29], [43, 29], [3, 30], [2, 30], [5, 30], [31, 30], [2, 31], [11, 31], [4, 31], [9, 31], [30, 31], [32, 31], [11, 32], [8, 32], [5, 32], [14, 32], [31, 32], [33, 32], [12, 33], [18, 33], [9, 33], [32, 33], [34, 36], [35, 36], [14, 36], [21, 36], [37, 39], [38, 39], [26, 39], [40, 39], [38, 40], [28, 40], [23, 40], [39, 40], [41, 43], [42, 43], [29, 43]], "labels": {"0": "1", "1": "1", "2": "1", "3": "1", "4": "2", "5": "2", "6": "1", "7": "1", "8": "1", "9": "2", "10": "1", "11": "1", "12": "1", "13": "1", "14": "2", "15": "1", "16": "1", "17": "1", "18": "1", "19": "1", "20": "1", "21": "2", "22": "1", "23": "2", "24": "1", "25": "1", "26": "2", "27": "1", "28": "1", "29": "2", "30": "2", "31": "2", "32": "2", "33": "2", "34": "1", "35": "1", "36": "2", "37": "1", "38": "1", "39": "2", "40": "2", "41": "2", "42": "2", "43": "2"}, "target": 5}