{"edges": [[0, 1], [2, 1], [3, 1], [1, 0], [2, 0], [3, 0], [1, 2], [0, 2], [4, 2], [5, 2], [3, 2], [6, 2], [2, 4], [5, 4], [6, 4], [2, 5], [4, 5], [6, 5], [7, 5], [8, 9], [7, 9], [10, 9], [9, 8], [11, 8], [7, 8], [10, 8], [8, 11], [12, 11], [10, 11], [11, 12], [13, 12], [14, 12], [15, 12], [12, 13], [14, 13], [16, 13], [15, 13], [12, 14], [13, 14], [16, 14], [15, 14], [17, 14], [13, 16], [14, 16], [15, 16], [17, 16], [18, 19], [20, 19], [17, 19], [19, 18], [21, 18], [20, 18], [18, 21], [22, 21], [23, 21], [21, 22], [24, 22], [23, 22], [25, 22], [22, 24], [23, 24], [26, 24], [21, 23], [22, 23], [24, 23], [26, 23], [25, 23], [24, 26], [23, 26], [25, 26], [22, 25], [23, 25], [26, 25], [19, 20], [18, 20], [17, 20], [1, 3], [0, 3], [2, 3], [2, 6], [4, 6], [5, 6], [5, 7], [9, 7], [8, 7], [9, 10], [8, 10], [11, 10], [12, 15], [13, 15], [14, 15], [16, 15], [17, 15], [14, 17], [16, 17], [19, 17], [20, 17], [15, 17]], "labels": {"0": "1", "1": "1", "2": "1", "3": "2", "4": "1", "5": "1", "6": "2", "7": "2", "8": "1", "9": "1", "10": "2", "11": "1", "12": "1", "13": "1", "14": "1", "15": "2", "16": "1", "17": "2", "18": "1", "19": "1", "20": "2", "21": "1", "22": "1", "23": "1", "24": "1", "25": "1", "26": "1"}, "target": 5}