{"edges": [[0, 1], [2, 1], [3, 1], [1, 0], [2, 0], [4, 0], [3, 0], [1, 2], [0, 2], [4, 2], [5, 2], [6, 2], [3, 2], [0, 4], [2, 4], [5, 4], [6, 4], [2, 5], [4, 5], [7, 5], [8, 5], [6, 5], [5, 7], [9, 7], [8, 7], [7, 9], [10, 9], [11, 9], [8, 9], [9, 10], [12, 10], [13, 10], [14, 10], [10, 12], [15, 12], [11, 12], [14, 12], [10, 13], [16, 13], [17, 13], [18, 13], [19, 13], [13, 16], [17, 16], [18, 16], [20, 16], [19, 16], [13, 17], [16, 17], [18, 17], [21, 17], [20, 17], [13, 18], [16, 18], [17, 18], [21, 18], [22, 18], [17, 21], [18, 21], [23, 21], [24, 21], [22, 21], [21, 23], [25, 23], [26, 23], [24, 23], [23, 25], [26, 25], [27, 25], [28, 25], [23, 26], [25, 26], [27, 26], [28, 26], [29, 26], [25, 27], [26, 27], [28, 27], [30, 27], [25, 28], [26, 28], [27, 28], [30, 28], [29, 28], [27, 30], [28, 30], [29, 30], [26, 29], [28, 29], [30, 29], [16, 20], [17, 20], [15, 20], [22, 20], [19, 20], [12, 15], [20, 15], [14, 15], [19, 15], [9, 11], [12, 11], [14, 11], [5, 8], [7, 8], [9, 8], [6, 8], [2, 6], [4, 6], [5, 6], [8, 6], [3, 6], [1, 3], [0, 3], [2, 3], [6, 3], [21, 24], [23, 24], [22, 24], [18, 22], [21, 22], [20, 22], [24, 22], [19, 22], [10, 14], [12, 14], [15, 14], [11, 14], [13, 19], [16, 19], [20, 19], [15, 19], [22, 19]], "labels": {"0": "1", "1": "1", "2": "1", "3": "2", "4": "1", "5": "1", "6": "2", "7": "1", "8": "2", "9": "1", "10": "1", "11": "2", "12": "1", "13": "1", "14": "2", "15": "2", "16": "1", "17": "1", "18": "1", "19": "2", "20": "2", "21": "1", "22": "2", "23": "1", "24": "2", "25": "1", "26": "1", "27": "1", "28": "1", "29": "1", "30": "1"}, "target": 5}