{"edges": [[0, 1], [2, 1], [3, 1], [1, 0], [2, 0], [4, 0], [3, 0], [1, 2], [0, 2], [4, 2], [5, 2], [6, 2], [0, 4], [2, 4], [5, 4], [7, 4], [6, 4], [2, 5], [4, 5], [7, 5], [8, 5], [4, 7], [5, 7], [9, 7], [8, 7], [7, 9], [10, 9], [8, 9], [11, 12], [10, 12], [13, 12], [14, 15], [16, 15], [17, 15], [18, 15], [11, 15], [19, 15], [15, 14], [16, 14], [17, 14], [18, 14], [19, 14], [15, 16], [14, 16], [17, 16], [18, 16], [15, 17], [14, 17], [16, 17], [20, 17], [21, 17], [17, 20], [22, 20], [23, 20], [21, 20], [20, 22], [24, 22], [23, 22], [22, 24], [25, 24], [26, 24], [27, 24], [24, 25], [26, 25], [27, 25], [28, 25], [24, 26], [25, 26], [27, 26], [29, 26], [24, 27], [25, 27], [26, 27], [29, 27], [28, 27], [26, 29], [27, 29], [28, 29], [25, 28], [27, 28], [29, 28], [15, 18], [14, 18], [16, 18], [11, 18], [21, 18], [19, 18], [12, 11], [15, 11], [18, 11], [13, 11], [19, 11], [9, 10], [12, 10], [13, 10], [5, 8], [7, 8], [9, 8], [6, 8], [2, 6], [4, 6], [8, 6], [3, 6], [1, 3], [0, 3], [6, 3], [20, 23], [22, 23], [21, 23], [17, 21], [20, 21], [18, 21], [23, 21], [12, 13], [11, 13], [10, 13], [15, 19], [14, 19], [18, 19], [11, 19]], "labels": {"0": "1", "1": "1", "2": "1", "3": "2", "4": "1", "5": "1", "6": "2", "7": "1", "8": "2", "9": "1", "10": "2", "11": "2", "12": "1", "13": "2", "14": "1", "15": "1", "16": "1", "17": "1", "18": "2", "19": "2", "20": "1", "21": "2", "22": "1", "23": "2", "24": "1", "25": "1", "26": "1", "27": "1", "28": "1", "29": "1"}, "target": 5}