{"edges": [[0, 1], [2, 1], [1, 0], [2, 0], [3, 0], [4, 0], [1, 2], [0, 2], [3, 2], [5, 2], [4, 2], [0, 3], [2, 3], [6, 3], [7, 3], [5, 3], [3, 6], [8, 6], [7, 6], [9, 6], [6, 8], [10, 8], [11, 8], [12, 8], [13, 8], [8, 10], [14, 10], [15, 10], [16, 10], [12, 10], [17, 10], [10, 14], [18, 14], [11, 14], [19, 14], [20, 14], [17, 14], [14, 18], [16, 18], [19, 18], [21, 18], [22, 18], [23, 24], [25, 24], [24, 23], [25, 23], [26, 23], [27, 23], [24, 25], [23, 25], [26, 25], [28, 25], [27, 25], [23, 26], [25, 26], [29, 26], [30, 26], [28, 26], [26, 29], [15, 29], [30, 29], [31, 29], [10, 15], [29, 15], [11, 15], [32, 15], [33, 15], [8, 11], [14, 11], [15, 11], [16, 11], [32, 11], [34, 11], [10, 16], [18, 16], [11, 16], [19, 16], [35, 16], [34, 16], [14, 19], [18, 19], [16, 19], [36, 19], [37, 19], [3, 7], [6, 7], [5, 7], [9, 7], [28, 7], [31, 7], [2, 5], [3, 5], [7, 5], [4, 5], [30, 5], [27, 5], [0, 4], [2, 4], [5, 4], [28, 4], [6, 9], [7, 9], [38, 9], [30, 9], [8, 12], [10, 12], [13, 12], [17, 12], [33, 12], [34, 12], [39, 40], [41, 40], [42, 40], [40, 39], [43, 39], [9, 38], [13, 38], [31, 38], [33, 38], [8, 13], [12, 13], [38, 13], [32, 13], [44, 13], [40, 41], [22, 41], [43, 41], [37, 41], [14, 20], [21, 20], [36, 20], [18, 21], [20, 21], [35, 21], [10, 17], [14, 17], [12, 17], [32, 17], [18, 22], [41, 22], [45, 22], [37, 22], [26, 30], [29, 30], [5, 30], [9, 30], [28, 30], [31, 30], [25, 28], [26, 28], [7, 28], [4, 28], [30, 28], [27, 28], [23, 27], [25, 27], [5, 27], [28, 27], [29, 31], [7, 31], [38, 31], [30, 31], [44, 31], [15, 32], [11, 32], [13, 32], [17, 32], [33, 32], [34, 32], [39, 43], [41, 43], [42, 43], [45, 43], [40, 42], [43, 42], [13, 44], [31, 44], [33, 44], [15, 33], [12, 33], [38, 33], [32, 33], [44, 33], [22, 45], [43, 45], [37, 45], [16, 35], [21, 35], [36, 35], [19, 36], [20, 36], [35, 36], [11, 34], [16, 34], [12, 34], [32, 34], [19, 37], [41, 37], [22, 37], [45, 37]], "labels": {"0": "1", "1": "1", "2": "1", "3": "1", "4": "2", "5": "2", "6": "1", "7": "2", "8": "1", "9": "2", "10": "1", "11": "1", "12": "2", "13": "2", "14": "1", "15": "1", "16": "1", "17": "2", "18": "1", "19": "1", "20": "2", "21": "2", "22": "2", "23": "1", "24": "1", "25": "1", "26": "1", "27": "2", "28": "2", "29": "1", "30": "2", "31": "2", "32": "2", "33": "2", "34": "2", "35": "2", "36": "2", "37": "2", "38": "2", "39": "2", "40": "2", "41": "2", "42": "2", "43": "2", "44": "2", "45": "2"}, "target": 5}