{"edges": [[0, 1], [2, 1], [3, 1], [4, 5], [6, 5], [7, 5], [8, 9], [10, 9], [11, 9], [12, 13], [14, 13], [15, 13], [16, 13], [17, 18], [19, 18], [20, 18], [18, 17], [0, 17], [19, 17], [21, 17], [20, 17], [1, 0], [17, 0], [22, 0], [2, 0], [21, 0], [0, 22], [2, 22], [3, 22], [6, 23], [24, 23], [7, 23], [10, 25], [26, 25], [11, 25], [13, 12], [14, 12], [16, 12], [27, 12], [19, 28], [29, 28], [2, 28], [21, 28], [20, 28], [18, 19], [17, 19], [28, 19], [21, 19], [20, 19], [28, 29], [30, 29], [2, 29], [31, 29], [5, 4], [32, 4], [33, 4], [34, 35], [36, 35], [37, 35], [35, 34], [38, 34], [4, 32], [10, 32], [24, 32], [11, 32], [29, 30], [6, 30], [3, 30], [31, 30], [7, 30], [5, 6], [23, 6], [30, 6], [31, 6], [35, 36], [15, 36], [27, 36], [9, 8], [14, 8], [16, 8], [13, 14], [12, 14], [8, 14], [26, 14], [9, 10], [25, 10], [32, 10], [13, 15], [36, 15], [39, 15], [27, 15], [1, 2], [0, 2], [22, 2], [28, 2], [29, 2], [21, 2], [3, 2], [17, 21], [0, 21], [28, 21], [19, 21], [2, 21], [20, 21], [18, 20], [17, 20], [28, 20], [19, 20], [21, 20], [1, 3], [22, 3], [30, 3], [2, 3], [31, 3], [7, 3], [23, 24], [32, 24], [33, 24], [34, 38], [37, 38], [39, 38], [35, 37], [38, 37], [4, 33], [24, 33], [11, 33], [29, 31], [30, 31], [6, 31], [3, 31], [7, 31], [5, 7], [23, 7], [30, 7], [3, 7], [31, 7], [15, 39], [38, 39], [27, 39], [25, 26], [14, 26], [16, 26], [13, 16], [12, 16], [8, 16], [26, 16], [9, 11], [25, 11], [32, 11], [33, 11], [12, 27], [36, 27], [15, 27], [39, 27]], "labels": {"0": "1", "1": "1", "2": "2", "3": "2", "4": "2", "5": "1", "6": "2", "7": "2", "8": "2", "9": "1", "10": "2", "11": "2", "12": "1", "13": "1", "14": "2", "15": "2", "16": "2", "17": "1", "18": "1", "19": "2", "20": "2", "21": "2", "22": "1", "23": "1", "24": "2", "25": "1", "26": "2", "27": "2", "28": "2", "29": "2", "30": "2", "31": "2", "32": "2", "33": "2", "34": "2", "35": "2", "36": "2", "37": "2", "38": "2", "39": "2"}, "target": 5}