{"edges": [[0, 1], [2, 1], [3, 4], [5, 4], [6, 7], [5, 7], [8, 7], [9, 10], [8, 10], [11, 10], [12, 13], [14, 13], [9, 13], [15, 13], [13, 12], [0, 16], [17, 16], [2, 16], [18, 16], [17, 19], [20, 19], [5, 21], [20, 21], [11, 21], [22, 21], [7, 6], [8, 6], [15, 6], [11, 6], [23, 24], [9, 24], [15, 24], [24, 23], [25, 23], [26, 23], [27, 28], [18, 28], [27, 29], [22, 29], [30, 31], [22, 31], [32, 31], [25, 33], [34, 33], [35, 33], [32, 33], [23, 25], [33, 25], [36, 25], [30, 25], [35, 25], [25, 36], [37, 38], [39, 38], [40, 38], [38, 37], [34, 37], [39, 37], [41, 37], [33, 34], [37, 34], [41, 34], [42, 34], [31, 30], [25, 30], [43, 30], [44, 30], [42, 30], [30, 43], [14, 43], [44, 43], [13, 14], [43, 14], [45, 46], [47, 46], [48, 49], [45, 49], [50, 49], [49, 48], [51, 48], [50, 48], [52, 48], [48, 51], [53, 51], [26, 51], [54, 51], [52, 51], [51, 53], [26, 53], [54, 53], [23, 26], [51, 26], [53, 26], [4, 3], [0, 3], [1, 0], [16, 0], [3, 0], [4, 5], [7, 5], [21, 5], [10, 9], [13, 9], [24, 9], [7, 8], [10, 8], [6, 8], [52, 8], [16, 17], [19, 17], [1, 2], [16, 2], [19, 20], [21, 20], [13, 15], [6, 15], [24, 15], [10, 11], [21, 11], [6, 11], [52, 11], [28, 27], [29, 27], [16, 18], [28, 18], [21, 22], [29, 22], [31, 22], [33, 35], [25, 35], [31, 32], [33, 32], [52, 32], [38, 39], [37, 39], [38, 40], [37, 41], [34, 41], [30, 44], [43, 44], [34, 42], [30, 42], [46, 45], [49, 45], [46, 47], [49, 50], [48, 50], [51, 54], [53, 54], [48, 52], [51, 52], [8, 52], [11, 52], [32, 52]], "labels": {"0": "2", "1": "1", "2": "2", "3": "2", "4": "1", "5": "2", "6": "1", "7": "1", "8": "2", "9": "2", "10": "1", "11": "2", "12": "1", "13": "1", "14": "1", "15": "2", "16": "1", "17": "2", "18": "2", "19": "1", "20": "2", "21": "1", "22": "2", "23": "1", "24": "1", "25": "1", "26": "1", "27": "2", "28": "1", "29": "1", "30": "1", "31": "1", "32": "2", "33": "1", "34": "1", "35": "2", "36": "1", "37": "1", "38": "1", "39": "2", "40": "2", "41": "2", "42": "2", "43": "1", "44": "2", "45": "2", "46": "1", "47": "2", "48": "1", "49": "1", "50": "2", "51": "1", "52": "2", "53": "1", "54": "2"}, "target": 5}