{"edges": [[0, 1], [2, 1], [3, 1], [1, 0], [2, 0], [4, 0], [3, 0], [5, 0], [1, 2], [0, 2], [4, 2], [6, 2], [5, 2], [7, 2], [0, 4], [2, 4], [6, 4], [8, 4], [7, 4], [2, 6], [4, 6], [8, 6], [9, 6], [10, 6], [4, 8], [6, 8], [9, 8], [11, 8], [10, 8], [6, 9], [8, 9], [11, 9], [12, 9], [10, 9], [8, 11], [9, 11], [12, 11], [13, 11], [10, 11], [9, 12], [11, 12], [13, 12], [14, 12], [11, 13], [12, 13], [15, 13], [16, 13], [14, 13], [13, 15], [17, 15], [18, 15], [16, 15], [15, 17], [18, 17], [19, 17], [20, 17], [21, 17], [15, 18], [17, 18], [19, 18], [20, 18], [21, 18], [22, 18], [17, 19], [18, 19], [20, 19], [21, 19], [22, 19], [17, 20], [18, 20], [19, 20], [1, 3], [0, 3], [5, 3], [7, 3], [13, 16], [15, 16], [14, 16], [12, 14], [13, 14], [16, 14], [0, 5], [2, 5], [3, 5], [7, 5], [2, 7], [4, 7], [3, 7], [5, 7], [10, 7], [6, 10], [8, 10], [9, 10], [11, 10], [7, 10], [17, 21], [18, 21], [19, 21], [22, 21], [18, 22], [19, 22], [21, 22]], "labels": {"0": "1", "1": "1", "2": "1", "3": "2", "4": "1", "5": "2", "6": "1", "7": "2", "8": "1", "9": "1", "10": "2", "11": "1", "12": "1", "13": "1", "14": "2", "15": "1", "16": "2", "17": "1", "18": "1", "19": "1", "20": "1", "21": "2", "22": "2"}, "target": 6}