{"edges": [[0, 1], [2, 1], [3, 1], [1, 0], [4, 0], [5, 0], [2, 0], [3, 0], [0, 4], [5, 4], [6, 4], [0, 5], [4, 5], [6, 5], [7, 5], [8, 5], [9, 5], [4, 6], [5, 6], [7, 6], [8, 6], [9, 6], [5, 7], [6, 7], [8, 7], [5, 8], [6, 8], [7, 8], [10, 8], [11, 12], [13, 12], [14, 12], [15, 12], [16, 12], [12, 11], [13, 11], [14, 11], [15, 11], [17, 11], [12, 13], [11, 13], [14, 13], [18, 13], [17, 13], [12, 14], [11, 14], [13, 14], [19, 14], [13, 18], [20, 18], [21, 18], [19, 18], [18, 20], [21, 20], [22, 20], [18, 21], [20, 21], [22, 21], [23, 21], [20, 22], [21, 22], [23, 22], [24, 22], [21, 23], [22, 23], [24, 23], [22, 24], [23, 24], [25, 24], [24, 25], [26, 25], [27, 25], [25, 26], [27, 26], [28, 26], [25, 27], [26, 27], [28, 27], [29, 27], [26, 28], [27, 28], [29, 28], [27, 29], [28, 29], [30, 29], [29, 30], [31, 30], [32, 30], [33, 30], [30, 31], [32, 31], [33, 31], [30, 32], [31, 32], [33, 32], [30, 33], [31, 33], [32, 33], [1, 2], [0, 2], [3, 2], [1, 3], [0, 3], [2, 3], [5, 9], [6, 9], [10, 9], [34, 9], [16, 9], [8, 10], [9, 10], [15, 10], [34, 10], [16, 10], [12, 15], [11, 15], [10, 15], [34, 15], [16, 15], [17, 15], [19, 15], [9, 34], [10, 34], [15, 34], [16, 34], [12, 16], [9, 16], [10, 16], [15, 16], [34, 16], [17, 16], [11, 17], [13, 17], [15, 17], [16, 17], [19, 17], [14, 19], [18, 19], [15, 19], [17, 19]], "labels": {"0": "1", "1": "1", "2": "2", "3": "2", "4": "1", "5": "1", "6": "1", "7": "1", "8": "1", "9": "2", "10": "2", "11": "1", "12": "1", "13": "1", "14": "1", "15": "2", "16": "2", "17": "2", "18": "1", "19": "2", "20": "1", "21": "1", "22": "1", "23": "1", "24": "1", "25": "1", "26": "1", "27": "1", "28": "1", "29": "1", "30": "1", "31": "1", "32": "1", "33": "1", "34": "2"}, "target": 6}