{"edges": [[0, 1], [2, 1], [3, 1], [4, 5], [6, 5], [3, 5], [7, 5], [8, 9], [10, 9], [11, 9], [12, 9], [9, 8], [13, 8], [14, 8], [13, 15], [16, 15], [14, 15], [17, 15], [9, 10], [11, 10], [12, 10], [18, 19], [7, 19], [20, 19], [5, 4], [6, 4], [3, 4], [8, 13], [15, 13], [16, 13], [14, 13], [17, 13], [21, 22], [0, 22], [2, 22], [15, 16], [13, 16], [17, 16], [23, 24], [25, 24], [26, 24], [17, 27], [25, 27], [28, 27], [26, 27], [9, 11], [10, 11], [12, 11], [19, 18], [7, 18], [20, 18], [12, 18], [5, 6], [4, 6], [3, 6], [8, 14], [15, 14], [13, 14], [22, 21], [0, 21], [2, 21], [15, 17], [13, 17], [16, 17], [27, 17], [24, 23], [25, 23], [26, 23], [24, 25], [27, 25], [23, 25], [28, 25], [26, 25], [1, 0], [22, 0], [21, 0], [2, 0], [1, 2], [22, 2], [21, 2], [0, 2], [3, 2], [1, 3], [5, 3], [4, 3], [6, 3], [2, 3], [5, 7], [19, 7], [18, 7], [20, 7], [19, 20], [18, 20], [7, 20], [9, 12], [10, 12], [11, 12], [18, 12], [27, 28], [25, 28], [26, 28], [24, 26], [27, 26], [23, 26], [25, 26], [28, 26]], "labels": {"0": "3", "1": "1", "2": "3", "3": "3", "4": "2", "5": "1", "6": "2", "7": "3", "8": "1", "9": "1", "10": "2", "11": "2", "12": "3", "13": "2", "14": "2", "15": "1", "16": "2", "17": "2", "18": "2", "19": "2", "20": "3", "21": "2", "22": "2", "23": "2", "24": "2", "25": "2", "26": "3", "27": "2", "28": "3"}, "target": 1}