{"edges": [[0, 1], [2, 1], [3, 1], [4, 1], [5, 1], [1, 0], [2, 0], [6, 0], [5, 0], [7, 8], [2, 8], [6, 8], [9, 10], [11, 10], [12, 10], [11, 13], [14, 13], [15, 13], [16, 13], [17, 18], [19, 18], [20, 18], [18, 17], [21, 17], [19, 17], [22, 17], [23, 17], [10, 9], [7, 9], [12, 9], [24, 9], [8, 7], [9, 7], [12, 7], [24, 7], [1, 2], [0, 2], [8, 2], [6, 2], [10, 11], [13, 11], [14, 11], [15, 11], [1, 3], [4, 3], [5, 3], [13, 14], [11, 14], [15, 14], [16, 14], [20, 14], [17, 21], [22, 21], [23, 21], [18, 19], [17, 19], [20, 19], [10, 12], [9, 12], [7, 12], [24, 12], [9, 24], [7, 24], [12, 24], [0, 6], [8, 6], [2, 6], [13, 15], [11, 15], [14, 15], [1, 4], [3, 4], [5, 4], [13, 16], [14, 16], [20, 16], [17, 22], [21, 22], [23, 22], [17, 23], [21, 23], [22, 23], [1, 5], [0, 5], [3, 5], [4, 5], [18, 20], [14, 20], [19, 20], [16, 20]], "labels": {"0": "1", "1": "1", "2": "2", "3": "2", "4": "2", "5": "2", "6": "2", "7": "2", "8": "1", "9": "2", "10": "1", "11": "2", "12": "2", "13": "1", "14": "2", "15": "2", "16": "2", "17": "1", "18": "1", "19": "2", "20": "2", "21": "2", "22": "2", "23": "2", "24": "2"}, "target": 1}