{"edges": [[0, 1], [2, 1], [3, 1], [1, 0], [4, 0], [3, 0], [5, 0], [0, 4], [6, 4], [7, 4], [8, 4], [4, 6], [9, 6], [10, 6], [11, 6], [6, 9], [10, 9], [12, 9], [6, 10], [9, 10], [13, 10], [14, 10], [15, 16], [13, 16], [14, 16], [17, 16], [16, 15], [14, 15], [17, 15], [9, 12], [13, 12], [18, 12], [11, 12], [2, 19], [20, 19], [3, 19], [1, 2], [19, 2], [20, 2], [3, 2], [10, 13], [16, 13], [12, 13], [14, 13], [18, 13], [10, 14], [16, 14], [15, 14], [13, 14], [17, 14], [16, 17], [15, 17], [14, 17], [12, 18], [13, 18], [11, 18], [19, 20], [2, 20], [3, 20], [6, 11], [12, 11], [18, 11], [8, 11], [21, 11], [1, 3], [0, 3], [19, 3], [2, 3], [20, 3], [5, 3], [0, 5], [3, 5], [7, 5], [8, 5], [4, 7], [5, 7], [8, 7], [21, 7], [4, 8], [11, 8], [5, 8], [7, 8], [21, 8], [11, 21], [7, 21], [8, 21]], "labels": {"0": "1", "1": "1", "2": "2", "3": "2", "4": "1", "5": "2", "6": "1", "7": "2", "8": "2", "9": "1", "10": "1", "11": "2", "12": "2", "13": "2", "14": "2", "15": "2", "16": "2", "17": "2", "18": "2", "19": "2", "20": "2", "21": "2"}, "target": 1}