{"edges": [[0, 1], [2, 1], [3, 1], [4, 1], [1, 0], [2, 0], [5, 0], [6, 0], [1, 2], [0, 2], [5, 2], [0, 5], [2, 5], [7, 5], [8, 5], [5, 7], [9, 7], [10, 7], [11, 7], [12, 7], [7, 9], [13, 9], [14, 9], [15, 9], [16, 9], [17, 18], [19, 18], [20, 18], [21, 18], [18, 17], [22, 17], [23, 17], [20, 17], [24, 17], [17, 22], [23, 22], [25, 22], [24, 22], [26, 27], [28, 27], [3, 27], [29, 27], [4, 27], [27, 26], [28, 26], [29, 26], [30, 26], [27, 28], [26, 28], [31, 28], [32, 28], [28, 31], [33, 31], [10, 31], [15, 31], [34, 31], [31, 33], [35, 33], [15, 33], [16, 33], [36, 33], [33, 35], [37, 35], [38, 35], [39, 35], [21, 35], [35, 37], [38, 37], [23, 37], [24, 37], [21, 37], [35, 38], [37, 38], [24, 38], [40, 38], [41, 42], [43, 42], [7, 10], [31, 10], [41, 10], [12, 10], [5, 8], [43, 8], [32, 8], [44, 8], [0, 6], [45, 6], [29, 6], [30, 6], [7, 11], [13, 11], [46, 47], [3, 47], [4, 47], [18, 19], [14, 19], [48, 49], [25, 49], [50, 49], [40, 49], [17, 23], [22, 23], [37, 23], [21, 23], [42, 41], [10, 41], [7, 12], [10, 12], [42, 43], [8, 43], [32, 43], [44, 43], [6, 45], [3, 45], [29, 45], [30, 45], [9, 13], [11, 13], [47, 46], [3, 46], [4, 46], [9, 14], [19, 14], [49, 48], [25, 48], [51, 48], [40, 48], [22, 25], [49, 25], [48, 25], [1, 3], [27, 3], [47, 3], [45, 3], [46, 3], [18, 20], [17, 20], [21, 20], [52, 53], [44, 53], [52, 54], [34, 54], [28, 32], [8, 32], [43, 32], [44, 32], [27, 29], [26, 29], [6, 29], [45, 29], [30, 29], [9, 15], [31, 15], [33, 15], [16, 15], [55, 56], [35, 39], [36, 39], [48, 51], [50, 51], [17, 24], [22, 24], [37, 24], [38, 24], [21, 24], [53, 52], [54, 52], [31, 34], [54, 34], [8, 44], [43, 44], [53, 44], [32, 44], [26, 30], [6, 30], [45, 30], [29, 30], [9, 16], [33, 16], [15, 16], [56, 55], [4, 55], [33, 36], [39, 36], [49, 50], [51, 50], [40, 50], [38, 40], [49, 40], [48, 40], [50, 40], [1, 4], [27, 4], [47, 4], [46, 4], [55, 4], [18, 21], [35, 21], [37, 21], [23, 21], [20, 21], [24, 21]], "labels": {"0": "1", "1": "1", "2": "1", "3": "2", "4": "2", "5": "1", "6": "2", "7": "1", "8": "2", "9": "1", "10": "2", "11": "2", "12": "2", "13": "2", "14": "2", "15": "2", "16": "2", "17": "1", "18": "1", "19": "2", "20": "2", "21": "2", "22": "1", "23": "2", "24": "2", "25": "2", "26": "1", "27": "1", "28": "1", "29": "2", "30": "2", "31": "1", "32": "2", "33": "1", "34": "2", "35": "1", "36": "2", "37": "1", "38": "1", "39": "2", "40": "2", "41": "2", "42": "2", "43": "2", "44": "2", "45": "2", "46": "2", "47": "2", "48": "2", "49": "2", "50": "2", "51": "2", "52": "2", "53": "2", "54": "2", "55": "2", "56": "2"}, "target": 1}