{"edges": [[0, 1], [2, 1], [3, 1], [4, 1], [5, 1], [6, 1], [1, 0], [2, 0], [3, 0], [7, 0], [1, 2], [0, 2], [3, 2], [1, 3], [0, 3], [2, 3], [8, 3], [9, 10], [11, 10], [12, 10], [11, 13], [14, 13], [15, 13], [16, 13], [10, 9], [8, 9], [11, 9], [12, 9], [17, 9], [15, 9], [3, 8], [9, 8], [7, 8], [12, 8], [17, 8], [18, 8], [0, 7], [8, 7], [17, 7], [18, 7], [6, 7], [10, 11], [13, 11], [9, 11], [14, 11], [15, 11], [16, 11], [1, 4], [5, 4], [6, 4], [13, 14], [11, 14], [15, 14], [16, 14], [19, 14], [20, 21], [22, 21], [23, 21], [21, 20], [22, 20], [23, 20], [19, 20], [10, 12], [9, 12], [8, 12], [17, 12], [9, 17], [8, 17], [7, 17], [12, 17], [18, 17], [8, 18], [7, 18], [17, 18], [6, 18], [13, 15], [9, 15], [11, 15], [14, 15], [1, 5], [4, 5], [6, 5], [13, 16], [11, 16], [14, 16], [19, 16], [21, 22], [20, 22], [23, 22], [21, 23], [20, 23], [22, 23], [1, 6], [7, 6], [4, 6], [18, 6], [5, 6], [14, 19], [20, 19], [16, 19]], "labels": {"0": "1", "1": "1", "2": "1", "3": "1", "4": "2", "5": "2", "6": "2", "7": "2", "8": "2", "9": "2", "10": "1", "11": "2", "12": "2", "13": "1", "14": "2", "15": "2", "16": "2", "17": "2", "18": "2", "19": "2", "20": "2", "21": "2", "22": "2", "23": "2"}, "target": 1}