{"edges": [[0, 1], [2, 1], [3, 1], [1, 0], [2, 0], [4, 0], [5, 0], [1, 2], [0, 2], [4, 2], [6, 2], [0, 4], [2, 4], [7, 4], [8, 4], [9, 4], [4, 7], [9, 7], [10, 7], [11, 7], [4, 8], [6, 8], [12, 8], [13, 8], [2, 6], [8, 6], [5, 6], [12, 6], [13, 6], [14, 6], [0, 5], [6, 5], [15, 5], [13, 5], [14, 5], [16, 5], [3, 5], [4, 9], [7, 9], [17, 9], [10, 9], [11, 9], [5, 15], [16, 15], [3, 15], [9, 17], [10, 17], [11, 17], [18, 17], [19, 20], [21, 20], [22, 20], [20, 19], [21, 19], [22, 19], [18, 19], [8, 12], [6, 12], [13, 12], [8, 13], [6, 13], [5, 13], [12, 13], [14, 13], [6, 14], [5, 14], [13, 14], [3, 14], [7, 10], [9, 10], [17, 10], [11, 10], [5, 16], [15, 16], [3, 16], [7, 11], [9, 11], [17, 11], [10, 11], [18, 11], [20, 21], [19, 21], [22, 21], [20, 22], [19, 22], [21, 22], [1, 3], [5, 3], [15, 3], [14, 3], [16, 3], [17, 18], [19, 18], [11, 18]], "labels": {"0": "1", "1": "1", "2": "1", "3": "2", "4": "1", "5": "2", "6": "2", "7": "1", "8": "2", "9": "2", "10": "2", "11": "2", "12": "2", "13": "2", "14": "2", "15": "2", "16": "2", "17": "2", "18": "2", "19": "2", "20": "2", "21": "2", "22": "2"}, "target": 1}