{"edges": [[0, 1], [2, 1], [3, 1], [1, 0], [2, 0], [4, 0], [5, 0], [6, 0], [1, 2], [0, 2], [3, 2], [6, 2], [7, 2], [8, 9], [10, 9], [11, 9], [12, 9], [9, 8], [13, 8], [10, 8], [14, 8], [11, 8], [1, 3], [2, 3], [4, 3], [15, 3], [16, 3], [0, 4], [3, 4], [13, 4], [16, 4], [17, 4], [8, 13], [4, 13], [10, 13], [18, 13], [19, 13], [9, 10], [8, 10], [13, 10], [20, 10], [18, 10], [21, 22], [14, 22], [23, 22], [22, 21], [24, 21], [23, 21], [8, 14], [22, 14], [11, 14], [18, 14], [0, 5], [6, 5], [16, 5], [9, 11], [8, 11], [14, 11], [20, 11], [18, 11], [0, 6], [2, 6], [5, 6], [7, 6], [15, 6], [16, 6], [17, 6], [2, 7], [6, 7], [12, 7], [16, 7], [19, 7], [9, 12], [7, 12], [17, 12], [19, 12], [21, 24], [23, 24], [20, 24], [22, 23], [21, 23], [24, 23], [10, 20], [11, 20], [24, 20], [18, 20], [3, 15], [6, 15], [16, 15], [13, 18], [10, 18], [14, 18], [11, 18], [20, 18], [3, 16], [4, 16], [5, 16], [6, 16], [7, 16], [15, 16], [17, 16], [4, 17], [6, 17], [12, 17], [16, 17], [19, 17], [13, 19], [7, 19], [12, 19], [17, 19]], "labels": {"0": "1", "1": "1", "2": "1", "3": "1", "4": "1", "5": "2", "6": "2", "7": "2", "8": "1", "9": "1", "10": "1", "11": "2", "12": "2", "13": "1", "14": "2", "15": "2", "16": "2", "17": "2", "18": "2", "19": "2", "20": "2", "21": "2", "22": "2", "23": "2", "24": "2"}, "target": 1}