{"edges": [[0, 1], [2, 1], [3, 1], [1, 0], [2, 0], [4, 0], [5, 0], [1, 2], [0, 2], [4, 2], [6, 2], [0, 4], [2, 4], [7, 4], [8, 4], [9, 4], [6, 4], [4, 7], [8, 7], [9, 7], [10, 7], [4, 8], [7, 8], [9, 8], [10, 8], [4, 9], [7, 9], [8, 9], [11, 9], [12, 9], [13, 9], [14, 9], [9, 11], [12, 11], [15, 11], [14, 11], [9, 12], [11, 12], [15, 12], [11, 15], [12, 15], [16, 15], [17, 15], [18, 15], [15, 16], [17, 16], [18, 16], [19, 16], [15, 17], [16, 17], [20, 17], [19, 17], [3, 21], [5, 21], [22, 21], [1, 3], [21, 3], [23, 3], [5, 3], [22, 3], [3, 23], [6, 23], [5, 23], [24, 23], [22, 23], [25, 26], [13, 26], [27, 26], [6, 26], [24, 26], [26, 25], [13, 25], [27, 25], [28, 25], [9, 13], [26, 13], [25, 13], [27, 13], [28, 13], [26, 27], [25, 27], [13, 27], [29, 27], [30, 27], [31, 27], [27, 29], [30, 29], [32, 29], [31, 29], [27, 30], [29, 30], [32, 30], [29, 32], [30, 32], [18, 32], [33, 32], [17, 20], [34, 20], [19, 20], [33, 20], [35, 20], [20, 34], [35, 34], [7, 10], [8, 10], [14, 10], [31, 10], [2, 6], [4, 6], [23, 6], [26, 6], [0, 5], [21, 5], [3, 5], [23, 5], [9, 14], [11, 14], [10, 14], [28, 14], [15, 18], [16, 18], [32, 18], [19, 18], [16, 19], [17, 19], [20, 19], [18, 19], [33, 19], [35, 19], [25, 28], [13, 28], [14, 28], [31, 28], [23, 24], [26, 24], [21, 22], [3, 22], [23, 22], [27, 31], [29, 31], [10, 31], [28, 31], [32, 33], [20, 33], [19, 33], [20, 35], [34, 35], [19, 35]], "labels": {"0": "1", "1": "1", "2": "1", "3": "1", "4": "1", "5": "2", "6": "2", "7": "1", "8": "1", "9": "1", "10": "2", "11": "1", "12": "1", "13": "1", "14": "2", "15": "1", "16": "1", "17": "1", "18": "2", "19": "2", "20": "1", "21": "1", "22": "2", "23": "1", "24": "2", "25": "1", "26": "1", "27": "1", "28": "2", "29": "1", "30": "1", "31": "2", "32": "1", "33": "2", "34": "1", "35": "2"}, "target": 1}