{"edges": [[0, 1], [2, 1], [3, 1], [1, 0], [2, 0], [4, 0], [5, 0], [6, 0], [1, 2], [0, 2], [7, 2], [8, 2], [2, 7], [9, 7], [10, 7], [11, 7], [8, 7], [7, 9], [10, 9], [12, 9], [13, 9], [11, 9], [14, 9], [7, 10], [9, 10], [12, 10], [15, 10], [14, 10], [9, 12], [10, 12], [16, 12], [17, 12], [18, 12], [15, 12], [12, 16], [19, 16], [20, 16], [18, 16], [16, 19], [21, 19], [22, 19], [20, 19], [0, 4], [3, 4], [5, 4], [23, 4], [24, 4], [1, 3], [4, 3], [5, 3], [24, 3], [0, 5], [4, 5], [3, 5], [25, 5], [9, 13], [11, 13], [26, 13], [25, 13], [7, 11], [9, 11], [13, 11], [26, 11], [27, 11], [13, 26], [11, 26], [17, 26], [28, 26], [27, 26], [12, 17], [26, 17], [29, 17], [28, 17], [17, 29], [21, 29], [22, 29], [30, 29], [19, 21], [29, 21], [22, 21], [20, 21], [31, 21], [30, 21], [19, 22], [29, 22], [21, 22], [31, 22], [32, 33], [6, 33], [23, 33], [33, 32], [6, 32], [24, 32], [16, 20], [19, 20], [21, 20], [18, 20], [30, 20], [12, 18], [16, 18], [20, 18], [31, 18], [10, 15], [12, 15], [14, 15], [27, 15], [0, 6], [33, 6], [32, 6], [23, 6], [2, 8], [7, 8], [14, 8], [27, 8], [9, 14], [10, 14], [15, 14], [8, 14], [28, 14], [25, 14], [27, 14], [4, 23], [33, 23], [6, 23], [24, 23], [21, 31], [22, 31], [18, 31], [30, 31], [29, 30], [21, 30], [20, 30], [31, 30], [26, 28], [17, 28], [14, 28], [27, 28], [4, 24], [3, 24], [32, 24], [23, 24], [5, 25], [13, 25], [14, 25], [27, 25], [11, 27], [26, 27], [15, 27], [8, 27], [14, 27], [28, 27], [25, 27]], "labels": {"0": "1", "1": "1", "2": "1", "3": "1", "4": "1", "5": "1", "6": "2", "7": "1", "8": "2", "9": "1", "10": "1", "11": "1", "12": "1", "13": "1", "14": "2", "15": "2", "16": "1", "17": "1", "18": "2", "19": "1", "20": "2", "21": "1", "22": "1", "23": "2", "24": "2", "25": "2", "26": "1", "27": "2", "28": "2", "29": "1", "30": "2", "31": "2", "32": "2", "33": "2"}, "target": 1}