{"edges": [[0, 1], [2, 1], [3, 1], [1, 0], [4, 0], [5, 0], [6, 0], [7, 0], [0, 4], [5, 4], [8, 4], [6, 4], [0, 5], [4, 5], [8, 5], [9, 5], [4, 8], [5, 8], [10, 8], [11, 8], [12, 8], [13, 8], [14, 8], [8, 10], [11, 10], [12, 10], [14, 10], [8, 11], [10, 11], [12, 11], [8, 12], [10, 12], [11, 12], [15, 12], [16, 17], [18, 17], [19, 17], [3, 17], [17, 16], [18, 16], [19, 16], [3, 16], [1, 2], [3, 2], [20, 2], [21, 2], [22, 2], [17, 18], [16, 18], [19, 18], [17, 19], [16, 19], [18, 19], [1, 3], [17, 3], [16, 3], [2, 3], [2, 20], [21, 20], [22, 20], [7, 20], [2, 21], [20, 21], [22, 21], [7, 21], [2, 22], [20, 22], [21, 22], [6, 22], [7, 22], [8, 13], [9, 13], [6, 13], [14, 13], [15, 13], [5, 9], [13, 9], [6, 9], [14, 9], [15, 9], [0, 6], [4, 6], [22, 6], [13, 6], [9, 6], [7, 6], [0, 7], [20, 7], [21, 7], [22, 7], [6, 7], [8, 14], [10, 14], [13, 14], [9, 14], [15, 14], [12, 15], [13, 15], [9, 15], [14, 15]], "labels": {"0": "1", "1": "1", "2": "2", "3": "2", "4": "1", "5": "1", "6": "2", "7": "2", "8": "1", "9": "2", "10": "1", "11": "1", "12": "1", "13": "2", "14": "2", "15": "2", "16": "2", "17": "2", "18": "2", "19": "2", "20": "2", "21": "2", "22": "2"}, "target": 1}