{"edges": [[0, 1], [2, 1], [3, 1], [1, 0], [4, 0], [2, 0], [3, 0], [0, 4], [5, 4], [6, 4], [3, 4], [7, 4], [4, 5], [6, 5], [8, 5], [7, 5], [9, 5], [4, 6], [5, 6], [8, 6], [9, 6], [5, 8], [6, 8], [10, 8], [11, 8], [8, 10], [12, 10], [13, 10], [11, 10], [14, 10], [10, 12], [13, 12], [15, 12], [16, 12], [17, 12], [10, 13], [12, 13], [15, 13], [18, 13], [17, 13], [12, 15], [13, 15], [18, 15], [19, 15], [13, 18], [15, 18], [20, 18], [21, 18], [19, 18], [18, 20], [21, 20], [22, 20], [18, 21], [20, 21], [22, 21], [20, 22], [21, 22], [23, 22], [24, 25], [26, 25], [27, 25], [28, 29], [30, 29], [31, 29], [1, 2], [0, 2], [3, 2], [7, 2], [1, 3], [0, 3], [4, 3], [2, 3], [7, 3], [9, 3], [4, 7], [5, 7], [2, 7], [3, 7], [9, 7], [5, 9], [6, 9], [3, 9], [7, 9], [11, 9], [8, 11], [10, 11], [9, 11], [14, 11], [16, 11], [10, 14], [11, 14], [16, 14], [17, 14], [12, 16], [11, 16], [14, 16], [17, 16], [19, 16], [12, 17], [13, 17], [14, 17], [16, 17], [19, 17], [15, 19], [18, 19], [16, 19], [17, 19], [22, 23], [32, 23], [33, 23], [34, 23], [29, 28], [30, 28], [35, 28], [31, 28], [29, 30], [28, 30], [35, 30], [31, 30], [28, 35], [30, 35], [31, 35], [31, 36], [37, 36], [38, 36], [29, 31], [28, 31], [30, 31], [35, 31], [36, 31], [38, 31], [23, 32], [33, 32], [34, 32], [25, 24], [37, 24], [26, 24], [38, 24], [36, 37], [24, 37], [38, 37], [23, 33], [32, 33], [34, 33], [27, 33], [25, 26], [24, 26], [34, 26], [27, 26], [36, 38], [31, 38], [24, 38], [37, 38], [23, 34], [32, 34], [33, 34], [26, 34], [27, 34], [25, 27], [33, 27], [26, 27], [34, 27]], "labels": {"0": "1", "1": "1", "2": "2", "3": "2", "4": "1", "5": "1", "6": "1", "7": "2", "8": "1", "9": "2", "10": "1", "11": "2", "12": "1", "13": "1", "14": "2", "15": "1", "16": "2", "17": "2", "18": "1", "19": "2", "20": "1", "21": "1", "22": "1", "23": "2", "24": "2", "25": "1", "26": "2", "27": "2", "28": "2", "29": "1", "30": "2", "31": "2", "32": "2", "33": "2", "34": "2", "35": "2", "36": "2", "37": "2", "38": "2"}, "target": 6}