{"edges": [[0, 1], [2, 1], [3, 1], [1, 0], [2, 0], [4, 0], [5, 0], [6, 0], [1, 2], [0, 2], [7, 2], [4, 2], [3, 2], [8, 2], [2, 7], [9, 7], [10, 7], [7, 9], [11, 9], [8, 9], [12, 9], [13, 9], [9, 11], [14, 11], [15, 11], [12, 11], [11, 14], [16, 14], [12, 14], [17, 14], [13, 14], [18, 14], [14, 16], [19, 16], [15, 16], [20, 16], [17, 16], [16, 19], [21, 19], [22, 19], [20, 19], [23, 19], [19, 21], [24, 21], [20, 21], [25, 21], [26, 21], [21, 24], [27, 24], [28, 24], [25, 24], [26, 24], [24, 27], [28, 27], [25, 27], [0, 4], [2, 4], [3, 4], [29, 4], [30, 4], [1, 3], [2, 3], [4, 3], [5, 3], [29, 3], [0, 5], [3, 5], [8, 5], [2, 8], [9, 8], [5, 8], [10, 8], [7, 10], [8, 10], [31, 10], [13, 10], [10, 31], [15, 31], [13, 31], [11, 15], [16, 15], [31, 15], [22, 15], [18, 15], [19, 22], [15, 22], [20, 22], [17, 22], [18, 22], [16, 20], [19, 20], [21, 20], [22, 20], [23, 20], [32, 20], [19, 23], [20, 23], [32, 23], [26, 23], [20, 32], [23, 32], [28, 32], [26, 32], [24, 28], [27, 28], [32, 28], [0, 6], [33, 6], [30, 6], [6, 33], [29, 33], [9, 12], [11, 12], [14, 12], [14, 17], [16, 17], [22, 17], [21, 25], [24, 25], [27, 25], [26, 25], [4, 29], [3, 29], [33, 29], [30, 29], [4, 30], [6, 30], [29, 30], [9, 13], [14, 13], [10, 13], [31, 13], [14, 18], [15, 18], [22, 18], [21, 26], [24, 26], [23, 26], [32, 26], [25, 26]], "labels": {"0": "1", "1": "1", "2": "1", "3": "1", "4": "1", "5": "1", "6": "2", "7": "1", "8": "1", "9": "1", "10": "1", "11": "1", "12": "2", "13": "2", "14": "1", "15": "1", "16": "1", "17": "2", "18": "2", "19": "1", "20": "1", "21": "1", "22": "1", "23": "1", "24": "1", "25": "2", "26": "2", "27": "1", "28": "1", "29": "2", "30": "2", "31": "1", "32": "1", "33": "2"}, "target": 1}