{"edges": [[0, 1], [2, 1], [3, 1], [1, 0], [4, 0], [2, 0], [5, 0], [6, 0], [0, 4], [7, 4], [8, 4], [9, 4], [10, 4], [4, 7], [8, 7], [11, 7], [12, 7], [9, 7], [4, 8], [7, 8], [11, 8], [12, 8], [9, 8], [7, 11], [8, 11], [12, 11], [7, 12], [8, 12], [11, 12], [13, 14], [2, 14], [3, 14], [14, 13], [5, 13], [6, 13], [15, 16], [17, 16], [9, 16], [18, 16], [19, 16], [16, 15], [17, 15], [20, 15], [21, 15], [9, 15], [18, 15], [16, 17], [15, 17], [20, 17], [21, 17], [9, 17], [18, 17], [15, 20], [17, 20], [21, 20], [15, 21], [17, 21], [20, 21], [1, 2], [0, 2], [14, 2], [5, 2], [6, 2], [4, 9], [7, 9], [8, 9], [16, 9], [15, 9], [17, 9], [10, 9], [0, 5], [13, 5], [2, 5], [10, 5], [3, 5], [19, 5], [4, 10], [9, 10], [5, 10], [18, 10], [6, 10], [19, 10], [1, 3], [14, 3], [5, 3], [6, 3], [16, 18], [15, 18], [17, 18], [10, 18], [0, 6], [13, 6], [2, 6], [10, 6], [3, 6], [19, 6], [16, 19], [5, 19], [10, 19], [6, 19]], "labels": {"0": "1", "1": "1", "2": "2", "3": "2", "4": "1", "5": "2", "6": "2", "7": "1", "8": "1", "9": "2", "10": "2", "11": "1", "12": "1", "13": "1", "14": "1", "15": "1", "16": "1", "17": "1", "18": "2", "19": "2", "20": "1", "21": "1"}, "target": 1}