{"edges": [[0, 1], [2, 1], [3, 1], [1, 0], [4, 0], [5, 0], [2, 0], [3, 0], [0, 4], [5, 4], [6, 4], [3, 4], [0, 5], [4, 5], [6, 5], [7, 5], [3, 5], [8, 5], [4, 6], [5, 6], [7, 6], [9, 6], [8, 6], [5, 7], [6, 7], [9, 7], [8, 7], [6, 9], [7, 9], [10, 9], [11, 9], [9, 10], [12, 10], [13, 10], [11, 10], [14, 10], [10, 12], [13, 12], [15, 12], [16, 12], [17, 12], [10, 13], [12, 13], [15, 13], [18, 13], [17, 13], [12, 15], [13, 15], [18, 15], [19, 15], [13, 18], [15, 18], [20, 18], [21, 18], [19, 18], [18, 20], [21, 20], [22, 20], [19, 20], [18, 21], [20, 21], [22, 21], [20, 22], [21, 22], [23, 22], [24, 25], [26, 25], [27, 25], [25, 24], [28, 24], [29, 24], [27, 24], [30, 31], [32, 31], [33, 31], [34, 31], [35, 31], [31, 30], [32, 30], [33, 30], [34, 30], [31, 32], [30, 32], [33, 32], [36, 32], [31, 33], [30, 33], [32, 33], [37, 33], [36, 33], [1, 2], [0, 2], [3, 2], [1, 3], [0, 3], [4, 3], [5, 3], [2, 3], [8, 3], [5, 8], [6, 8], [7, 8], [3, 8], [11, 8], [9, 11], [10, 11], [8, 11], [14, 11], [16, 11], [10, 14], [11, 14], [16, 14], [17, 14], [12, 16], [11, 16], [14, 16], [17, 16], [19, 16], [12, 17], [13, 17], [14, 17], [16, 17], [19, 17], [15, 19], [18, 19], [20, 19], [16, 19], [17, 19], [22, 23], [38, 23], [26, 23], [27, 23], [33, 37], [39, 37], [40, 37], [36, 37], [37, 39], [40, 39], [36, 39], [37, 40], [39, 40], [36, 40], [31, 34], [30, 34], [36, 34], [35, 34], [41, 34], [32, 36], [33, 36], [37, 36], [39, 36], [40, 36], [34, 36], [24, 28], [41, 28], [29, 28], [26, 28], [27, 28], [23, 38], [26, 38], [27, 38], [31, 35], [34, 35], [41, 35], [29, 35], [34, 41], [28, 41], [35, 41], [29, 41], [24, 29], [28, 29], [35, 29], [41, 29], [25, 26], [23, 26], [28, 26], [38, 26], [27, 26], [25, 27], [24, 27], [23, 27], [28, 27], [38, 27], [26, 27]], "labels": {"0": "1", "1": "1", "2": "2", "3": "2", "4": "1", "5": "1", "6": "1", "7": "1", "8": "2", "9": "1", "10": "1", "11": "2", "12": "1", "13": "1", "14": "2", "15": "1", "16": "2", "17": "2", "18": "1", "19": "2", "20": "1", "21": "1", "22": "1", "23": "2", "24": "1", "25": "1", "26": "2", "27": "2", "28": "2", "29": "2", "30": "1", "31": "1", "32": "1", "33": "1", "34": "2", "35": "2", "36": "2", "37": "2", "38": "2", "39": "2", "40": "2", "41": "2"}, "target": 6}