{"edges": [[0, 1], [2, 1], [3, 1], [4, 5], [6, 5], [7, 5], [8, 5], [9, 5], [5, 4], [10, 4], [11, 4], [12, 4], [13, 4], [7, 4], [9, 4], [4, 10], [14, 10], [12, 10], [13, 10], [11, 15], [0, 15], [3, 15], [8, 15], [4, 11], [15, 11], [14, 11], [12, 11], [8, 11], [9, 11], [10, 14], [11, 14], [12, 14], [16, 14], [9, 14], [4, 12], [10, 12], [11, 12], [14, 12], [16, 12], [1, 0], [15, 0], [2, 0], [6, 0], [17, 0], [1, 2], [0, 2], [3, 2], [4, 13], [10, 13], [7, 13], [9, 13], [5, 6], [0, 6], [7, 6], [5, 7], [4, 7], [13, 7], [6, 7], [16, 7], [8, 7], [9, 7], [1, 3], [15, 3], [2, 3], [17, 3], [0, 17], [3, 17], [14, 16], [12, 16], [7, 16], [9, 16], [5, 8], [15, 8], [11, 8], [7, 8], [5, 9], [4, 9], [11, 9], [14, 9], [13, 9], [7, 9], [16, 9]], "labels": {"0": "2", "1": "1", "2": "2", "3": "2", "4": "1", "5": "1", "6": "2", "7": "2", "8": "2", "9": "2", "10": "1", "11": "1", "12": "1", "13": "2", "14": "1", "15": "1", "16": "2", "17": "2"}, "target": 1}