{"edges": [[0, 1], [2, 1], [3, 1], [1, 0], [4, 0], [3, 0], [5, 0], [0, 4], [6, 4], [7, 4], [5, 4], [4, 6], [7, 6], [8, 6], [9, 6], [4, 7], [6, 7], [8, 7], [9, 7], [10, 7], [6, 8], [7, 8], [9, 8], [6, 9], [7, 9], [8, 9], [10, 9], [11, 12], [13, 12], [14, 12], [10, 12], [12, 11], [13, 11], [14, 11], [10, 11], [12, 13], [11, 13], [14, 13], [15, 13], [12, 14], [11, 14], [13, 14], [15, 14], [13, 15], [14, 15], [16, 15], [15, 16], [17, 16], [18, 16], [16, 17], [18, 17], [19, 17], [16, 18], [17, 18], [19, 18], [20, 18], [17, 19], [18, 19], [20, 19], [18, 20], [19, 20], [21, 20], [22, 20], [20, 21], [23, 21], [24, 21], [25, 21], [26, 21], [21, 23], [24, 23], [27, 23], [21, 24], [23, 24], [27, 24], [28, 24], [23, 27], [24, 27], [28, 27], [29, 27], [1, 2], [3, 2], [5, 2], [1, 3], [0, 3], [2, 3], [5, 3], [21, 25], [22, 25], [30, 25], [26, 25], [20, 22], [25, 22], [30, 22], [26, 22], [0, 5], [4, 5], [2, 5], [3, 5], [7, 10], [9, 10], [12, 10], [11, 10], [28, 31], [29, 31], [32, 31], [24, 28], [27, 28], [31, 28], [29, 28], [32, 28], [25, 30], [22, 30], [26, 30], [21, 26], [25, 26], [22, 26], [30, 26], [27, 29], [31, 29], [28, 29], [32, 29], [31, 32], [28, 32], [29, 32]], "labels": {"0": "1", "1": "1", "2": "2", "3": "2", "4": "1", "5": "2", "6": "1", "7": "1", "8": "1", "9": "1", "10": "2", "11": "1", "12": "1", "13": "1", "14": "1", "15": "1", "16": "1", "17": "1", "18": "1", "19": "1", "20": "1", "21": "1", "22": "2", "23": "1", "24": "1", "25": "2", "26": "2", "27": "1", "28": "2", "29": "2", "30": "2", "31": "2", "32": "2"}, "target": 1}