{"edges": [[0, 1], [2, 1], [3, 1], [4, 1], [5, 1], [1, 0], [2, 0], [6, 0], [7, 0], [5, 0], [1, 2], [0, 2], [6, 2], [7, 2], [0, 6], [2, 6], [7, 6], [0, 7], [2, 7], [6, 7], [8, 7], [9, 10], [11, 10], [12, 10], [13, 10], [10, 9], [11, 9], [12, 9], [14, 9], [10, 11], [9, 11], [12, 11], [14, 11], [15, 11], [10, 12], [9, 12], [11, 12], [15, 12], [16, 12], [17, 18], [19, 18], [20, 18], [21, 18], [22, 18], [18, 17], [19, 17], [20, 17], [18, 19], [17, 19], [23, 19], [24, 19], [19, 23], [25, 23], [26, 23], [27, 23], [23, 25], [26, 25], [28, 25], [29, 25], [23, 26], [25, 26], [28, 26], [30, 26], [31, 26], [32, 26], [29, 26], [25, 28], [26, 28], [30, 28], [31, 28], [33, 28], [26, 30], [28, 30], [31, 30], [26, 31], [28, 31], [30, 31], [1, 3], [4, 3], [5, 3], [34, 35], [36, 35], [8, 35], [13, 35], [35, 34], [36, 34], [8, 34], [13, 34], [18, 20], [17, 20], [21, 20], [22, 20], [24, 20], [35, 36], [34, 36], [8, 36], [13, 36], [14, 36], [1, 4], [3, 4], [5, 4], [1, 5], [0, 5], [3, 5], [4, 5], [7, 8], [35, 8], [34, 8], [36, 8], [10, 13], [35, 13], [34, 13], [36, 13], [14, 13], [18, 21], [20, 21], [22, 21], [37, 21], [38, 21], [18, 22], [20, 22], [21, 22], [37, 22], [38, 22], [9, 14], [11, 14], [36, 14], [13, 14], [15, 14], [11, 15], [12, 15], [14, 15], [16, 15], [39, 15], [12, 16], [15, 16], [37, 16], [38, 16], [39, 16], [21, 37], [22, 37], [16, 37], [38, 37], [39, 37], [21, 38], [22, 38], [16, 38], [37, 38], [39, 38], [15, 39], [16, 39], [37, 39], [38, 39], [19, 24], [20, 24], [27, 24], [29, 24], [23, 27], [24, 27], [33, 27], [32, 27], [29, 27], [28, 33], [27, 33], [32, 33], [29, 33], [26, 32], [27, 32], [33, 32], [29, 32], [25, 29], [26, 29], [24, 29], [27, 29], [33, 29], [32, 29]], "labels": {"0": "1", "1": "1", "2": "1", "3": "2", "4": "2", "5": "2", "6": "1", "7": "1", "8": "2", "9": "1", "10": "1", "11": "1", "12": "1", "13": "2", "14": "2", "15": "2", "16": "2", "17": "1", "18": "1", "19": "1", "20": "2", "21": "2", "22": "2", "23": "1", "24": "2", "25": "1", "26": "1", "27": "2", "28": "1", "29": "2", "30": "1", "31": "1", "32": "2", "33": "2", "34": "2", "35": "2", "36": "2", "37": "2", "38": "2", "39": "2"}, "target": 1}