{"edges": [[0, 1], [1, 0], [2, 0], [3, 0], [4, 0], [3, 5], [6, 5], [7, 8], [9, 8], [10, 11], [12, 11], [13, 11], [14, 11], [15, 11], [11, 10], [4, 10], [16, 10], [15, 10], [3, 17], [16, 17], [18, 17], [8, 7], [19, 7], [20, 7], [21, 7], [7, 19], [20, 19], [0, 2], [22, 2], [23, 2], [11, 12], [4, 12], [24, 12], [23, 12], [24, 25], [26, 25], [7, 20], [19, 20], [27, 20], [28, 20], [29, 20], [30, 20], [20, 27], [28, 27], [29, 27], [31, 32], [13, 32], [14, 32], [22, 32], [33, 32], [34, 32], [32, 31], [35, 31], [34, 31], [3, 36], [16, 36], [35, 36], [37, 36], [20, 28], [27, 28], [29, 28], [38, 28], [20, 29], [27, 29], [28, 29], [11, 13], [32, 13], [4, 13], [0, 3], [5, 3], [17, 3], [36, 3], [0, 4], [10, 4], [12, 4], [13, 4], [5, 6], [9, 6], [8, 9], [6, 9], [38, 9], [11, 14], [32, 14], [10, 16], [17, 16], [36, 16], [11, 15], [10, 15], [17, 18], [21, 18], [7, 21], [18, 21], [38, 21], [2, 22], [32, 22], [12, 24], [25, 24], [2, 23], [12, 23], [25, 26], [30, 26], [20, 30], [26, 30], [38, 30], [32, 33], [31, 35], [36, 35], [32, 34], [31, 34], [36, 37], [38, 37], [28, 38], [9, 38], [21, 38], [30, 38], [37, 38]], "labels": {"0": "1", "1": "1", "2": "1", "3": "2", "4": "2", "5": "1", "6": "2", "7": "1", "8": "1", "9": "2", "10": "1", "11": "1", "12": "1", "13": "2", "14": "2", "15": "2", "16": "2", "17": "1", "18": "2", "19": "1", "20": "1", "21": "2", "22": "2", "23": "2", "24": "2", "25": "1", "26": "2", "27": "1", "28": "1", "29": "1", "30": "2", "31": "1", "32": "1", "33": "2", "34": "2", "35": "2", "36": "1", "37": "2", "38": "2"}, "target": 1}