{"edges": [[0, 1], [2, 1], [1, 0], [3, 0], [4, 0], [5, 0], [0, 3], [6, 3], [2, 3], [3, 6], [7, 6], [8, 6], [6, 7], [9, 7], [10, 7], [11, 7], [7, 9], [12, 9], [8, 9], [9, 12], [13, 12], [14, 12], [15, 12], [12, 13], [14, 13], [16, 13], [15, 13], [12, 14], [13, 14], [17, 14], [18, 14], [14, 17], [19, 17], [20, 17], [17, 19], [21, 19], [22, 19], [23, 19], [19, 21], [24, 21], [25, 21], [21, 24], [26, 24], [23, 24], [27, 24], [24, 26], [25, 26], [27, 26], [0, 4], [2, 4], [1, 2], [3, 2], [4, 2], [5, 2], [0, 5], [2, 5], [10, 5], [7, 10], [5, 10], [8, 10], [6, 8], [9, 8], [10, 8], [11, 8], [7, 11], [8, 11], [16, 11], [13, 16], [11, 16], [18, 16], [15, 16], [14, 18], [16, 18], [15, 18], [12, 15], [13, 15], [16, 15], [18, 15], [22, 15], [19, 22], [15, 22], [20, 22], [17, 20], [22, 20], [23, 20], [19, 23], [24, 23], [20, 23], [25, 23], [21, 25], [26, 25], [23, 25], [27, 25], [24, 27], [26, 27], [25, 27]], "labels": {"0": "4", "1": "2", "2": "4", "3": "3", "4": "2", "5": "3", "6": "3", "7": "4", "8": "4", "9": "3", "10": "3", "11": "3", "12": "4", "13": "4", "14": "4", "15": "5", "16": "4", "17": "3", "18": "3", "19": "4", "20": "3", "21": "3", "22": "3", "23": "4", "24": "4", "25": "4", "26": "3", "27": "3"}, "target": 1}