{"edges": [[0, 1], [2, 1], [1, 0], [3, 0], [4, 0], [5, 0], [0, 3], [2, 3], [5, 3], [6, 3], [7, 8], [9, 8], [10, 8], [11, 8], [12, 8], [7, 13], [14, 13], [11, 13], [15, 13], [8, 7], [13, 7], [9, 7], [10, 7], [0, 4], [2, 4], [1, 2], [3, 2], [4, 2], [5, 2], [0, 5], [3, 5], [2, 5], [16, 5], [8, 9], [7, 9], [10, 9], [15, 9], [8, 10], [7, 10], [9, 10], [6, 17], [18, 17], [16, 17], [19, 17], [3, 6], [17, 6], [20, 6], [13, 14], [11, 14], [21, 14], [17, 18], [22, 18], [20, 18], [23, 18], [18, 22], [24, 22], [19, 22], [25, 22], [8, 11], [13, 11], [14, 11], [15, 11], [8, 12], [26, 12], [27, 12], [12, 26], [24, 26], [28, 26], [22, 24], [26, 24], [23, 24], [25, 24], [6, 20], [18, 20], [16, 20], [19, 20], [5, 16], [17, 16], [20, 16], [13, 15], [9, 15], [11, 15], [21, 15], [17, 19], [22, 19], [20, 19], [23, 19], [18, 23], [24, 23], [19, 23], [25, 23], [14, 21], [15, 21], [28, 21], [26, 28], [21, 28], [27, 28], [12, 27], [28, 27], [25, 27], [22, 25], [24, 25], [23, 25], [27, 25]], "labels": {"0": "1", "1": "1", "2": "1", "3": "1", "4": "1", "5": "1", "6": "2", "7": "1", "8": "1", "9": "1", "10": "1", "11": "2", "12": "2", "13": "1", "14": "2", "15": "2", "16": "2", "17": "2", "18": "2", "19": "2", "20": "2", "21": "2", "22": "2", "23": "2", "24": "2", "25": "2", "26": "2", "27": "2", "28": "2"}, "target": 1}