{"edges": [[0, 1], [2, 1], [3, 1], [1, 0], [4, 0], [2, 0], [3, 0], [0, 4], [5, 4], [6, 4], [3, 4], [7, 4], [4, 5], [6, 5], [8, 5], [7, 5], [4, 6], [5, 6], [8, 6], [7, 6], [5, 8], [6, 8], [9, 8], [10, 8], [8, 9], [11, 9], [12, 9], [10, 9], [13, 9], [9, 11], [12, 11], [14, 11], [15, 11], [16, 11], [9, 12], [11, 12], [14, 12], [17, 12], [16, 12], [11, 14], [12, 14], [17, 14], [18, 14], [12, 17], [14, 17], [19, 17], [20, 17], [18, 17], [17, 19], [20, 19], [21, 19], [18, 19], [17, 20], [19, 20], [21, 20], [19, 21], [20, 21], [22, 21], [23, 24], [25, 24], [26, 24], [24, 23], [27, 23], [28, 23], [26, 23], [29, 30], [31, 30], [32, 30], [33, 30], [34, 30], [30, 29], [31, 29], [32, 29], [34, 29], [30, 31], [29, 31], [32, 31], [35, 31], [30, 32], [29, 32], [31, 32], [36, 32], [35, 32], [1, 2], [0, 2], [3, 2], [1, 3], [0, 3], [4, 3], [2, 3], [7, 3], [4, 7], [5, 7], [6, 7], [3, 7], [10, 7], [8, 10], [9, 10], [7, 10], [13, 10], [15, 10], [9, 13], [10, 13], [15, 13], [16, 13], [11, 15], [10, 15], [13, 15], [16, 15], [18, 15], [11, 16], [12, 16], [13, 16], [15, 16], [18, 16], [14, 18], [17, 18], [19, 18], [15, 18], [16, 18], [21, 22], [37, 22], [25, 22], [26, 22], [32, 36], [35, 36], [38, 36], [39, 36], [23, 27], [40, 27], [28, 27], [25, 27], [26, 27], [22, 37], [25, 37], [26, 37], [30, 33], [40, 33], [28, 33], [34, 33], [27, 40], [33, 40], [28, 40], [34, 40], [23, 28], [27, 28], [33, 28], [40, 28], [24, 25], [22, 25], [27, 25], [37, 25], [26, 25], [24, 26], [23, 26], [22, 26], [27, 26], [37, 26], [25, 26], [31, 35], [32, 35], [36, 35], [34, 35], [38, 35], [39, 35], [30, 34], [29, 34], [33, 34], [40, 34], [35, 34], [36, 38], [35, 38], [39, 38], [36, 39], [35, 39], [38, 39]], "labels": {"0": "1", "1": "1", "2": "2", "3": "2", "4": "1", "5": "1", "6": "1", "7": "2", "8": "1", "9": "1", "10": "2", "11": "1", "12": "1", "13": "2", "14": "1", "15": "2", "16": "2", "17": "1", "18": "2", "19": "1", "20": "1", "21": "1", "22": "2", "23": "1", "24": "1", "25": "2", "26": "2", "27": "2", "28": "2", "29": "1", "30": "1", "31": "1", "32": "1", "33": "2", "34": "2", "35": "2", "36": "2", "37": "2", "38": "2", "39": "2", "40": "2"}, "target": 6}