{"edges": [[0, 1], [2, 1], [3, 1], [1, 0], [4, 0], [5, 0], [6, 0], [7, 0], [0, 4], [5, 4], [6, 4], [7, 4], [0, 5], [4, 5], [8, 5], [9, 5], [5, 8], [9, 8], [10, 8], [5, 9], [8, 9], [10, 9], [8, 10], [9, 10], [11, 10], [12, 10], [10, 11], [12, 11], [13, 11], [10, 12], [11, 12], [13, 12], [14, 12], [11, 13], [12, 13], [14, 13], [15, 13], [16, 13], [12, 14], [13, 14], [15, 14], [16, 14], [13, 15], [14, 15], [16, 15], [13, 16], [14, 16], [15, 16], [17, 16], [18, 16], [16, 17], [18, 17], [19, 17], [16, 18], [17, 18], [19, 18], [20, 18], [21, 18], [17, 19], [18, 19], [20, 19], [21, 19], [18, 20], [19, 20], [21, 20], [18, 21], [19, 21], [20, 21], [1, 2], [6, 2], [3, 2], [0, 6], [4, 6], [2, 6], [7, 6], [3, 6], [0, 7], [4, 7], [6, 7], [22, 7], [1, 3], [2, 3], [6, 3], [7, 22], [23, 22], [24, 22], [25, 22], [22, 23], [24, 23], [25, 23], [22, 24], [23, 24], [25, 24], [26, 24], [22, 25], [23, 25], [24, 25], [26, 25], [27, 25], [24, 26], [25, 26], [27, 26], [25, 27], [26, 27], [28, 27], [29, 27], [27, 28], [29, 28], [30, 28], [31, 28], [27, 29], [28, 29], [30, 29], [31, 29], [28, 30], [29, 30], [31, 30], [28, 31], [29, 31], [30, 31]], "labels": {"0": "1", "1": "1", "2": "1", "3": "1", "4": "1", "5": "1", "6": "1", "7": "1", "8": "1", "9": "1", "10": "1", "11": "1", "12": "1", "13": "1", "14": "1", "15": "1", "16": "1", "17": "1", "18": "1", "19": "1", "20": "1", "21": "1", "22": "2", "23": "2", "24": "2", "25": "2", "26": "2", "27": "2", "28": "2", "29": "2", "30": "2", "31": "2"}, "target": 1}