{"edges": [[0, 1], [2, 1], [3, 1], [1, 0], [2, 0], [3, 0], [1, 2], [0, 2], [3, 2], [1, 3], [0, 3], [2, 3], [4, 3], [5, 3], [6, 3], [3, 4], [5, 4], [7, 4], [6, 4], [3, 5], [4, 5], [7, 5], [8, 5], [4, 7], [5, 7], [6, 7], [8, 7], [3, 6], [4, 6], [7, 6], [8, 6], [5, 8], [7, 8], [6, 8], [9, 8], [8, 9], [10, 9], [11, 9], [9, 10], [11, 10], [12, 10], [9, 11], [10, 11], [12, 11], [13, 11], [10, 12], [11, 12], [13, 12], [14, 12], [15, 12], [11, 13], [12, 13], [14, 13], [15, 13], [16, 13], [12, 14], [13, 14], [17, 14], [16, 14], [18, 14], [14, 17], [19, 17], [20, 17], [21, 17], [22, 17], [17, 19], [20, 19], [21, 19], [23, 19], [17, 20], [19, 20], [21, 20], [23, 20], [17, 21], [19, 21], [20, 21], [23, 21], [22, 21], [19, 23], [20, 23], [21, 23], [12, 15], [13, 15], [16, 15], [18, 15], [13, 16], [14, 16], [15, 16], [18, 16], [24, 16], [14, 18], [15, 18], [16, 18], [24, 18], [22, 18], [16, 24], [18, 24], [22, 24], [17, 22], [21, 22], [18, 22], [24, 22]], "labels": {"0": "1", "1": "1", "2": "1", "3": "1", "4": "1", "5": "1", "6": "1", "7": "1", "8": "1", "9": "1", "10": "1", "11": "1", "12": "1", "13": "1", "14": "1", "15": "2", "16": "2", "17": "1", "18": "2", "19": "1", "20": "1", "21": "1", "22": "2", "23": "1", "24": "2"}, "target": 1}