{"edges": [[0, 1], [2, 1], [3, 1], [4, 1], [1, 0], [2, 0], [3, 0], [4, 0], [1, 2], [0, 2], [3, 2], [4, 2], [1, 3], [0, 3], [2, 3], [5, 3], [6, 3], [7, 3], [3, 5], [6, 5], [8, 5], [7, 5], [3, 6], [5, 6], [8, 6], [9, 6], [5, 8], [6, 8], [7, 8], [9, 8], [3, 7], [5, 7], [8, 7], [9, 7], [6, 9], [8, 9], [7, 9], [10, 9], [9, 10], [11, 10], [12, 10], [10, 11], [12, 11], [13, 11], [10, 12], [11, 12], [13, 12], [14, 12], [11, 13], [12, 13], [14, 13], [15, 13], [16, 13], [12, 14], [13, 14], [15, 14], [16, 14], [17, 14], [13, 15], [14, 15], [18, 15], [17, 15], [19, 15], [15, 18], [20, 18], [21, 18], [22, 18], [23, 18], [18, 20], [21, 20], [22, 20], [24, 20], [18, 21], [20, 21], [22, 21], [24, 21], [18, 22], [20, 22], [21, 22], [24, 22], [25, 22], [20, 24], [21, 24], [22, 24], [25, 24], [1, 4], [0, 4], [2, 4], [22, 25], [24, 25], [19, 25], [26, 25], [23, 25], [13, 16], [14, 16], [17, 16], [19, 16], [26, 16], [14, 17], [15, 17], [16, 17], [19, 17], [26, 17], [23, 17], [15, 19], [25, 19], [16, 19], [17, 19], [26, 19], [23, 19], [25, 26], [16, 26], [17, 26], [19, 26], [23, 26], [18, 23], [25, 23], [17, 23], [19, 23], [26, 23]], "labels": {"0": "1", "1": "1", "2": "1", "3": "1", "4": "2", "5": "1", "6": "1", "7": "1", "8": "1", "9": "1", "10": "1", "11": "1", "12": "1", "13": "1", "14": "1", "15": "1", "16": "2", "17": "2", "18": "1", "19": "2", "20": "1", "21": "1", "22": "1", "23": "2", "24": "1", "25": "2", "26": "2"}, "target": 1}