{"edges": [[0, 1], [2, 1], [3, 1], [0, 4], [5, 4], [6, 4], [7, 8], [9, 8], [10, 8], [8, 7], [9, 7], [10, 7], [8, 9], [7, 9], [11, 9], [12, 9], [13, 9], [9, 11], [12, 11], [13, 11], [9, 12], [11, 12], [13, 12], [14, 12], [9, 13], [11, 13], [12, 13], [15, 13], [14, 13], [16, 13], [13, 15], [17, 15], [16, 15], [15, 17], [18, 17], [16, 17], [19, 17], [17, 18], [19, 18], [20, 18], [21, 22], [23, 22], [24, 22], [20, 22], [22, 21], [23, 21], [24, 21], [20, 21], [22, 23], [21, 23], [24, 23], [22, 24], [21, 24], [23, 24], [25, 24], [24, 25], [26, 25], [27, 25], [28, 25], [25, 26], [27, 26], [28, 26], [25, 27], [26, 27], [28, 27], [25, 28], [26, 28], [27, 28], [1, 0], [4, 0], [5, 0], [2, 0], [3, 0], [4, 5], [0, 5], [29, 5], [2, 5], [6, 5], [30, 5], [3, 5], [5, 29], [10, 29], [6, 29], [30, 29], [8, 10], [7, 10], [29, 10], [30, 10], [12, 14], [13, 14], [16, 14], [13, 16], [15, 16], [17, 16], [14, 16], [17, 19], [18, 19], [20, 19], [18, 20], [22, 20], [21, 20], [19, 20], [1, 2], [0, 2], [5, 2], [3, 2], [4, 6], [5, 6], [29, 6], [30, 6], [5, 30], [29, 30], [10, 30], [6, 30], [1, 3], [0, 3], [5, 3], [2, 3]], "labels": {"0": "2", "1": "1", "2": "2", "3": "2", "4": "1", "5": "2", "6": "2", "7": "1", "8": "1", "9": "1", "10": "2", "11": "1", "12": "1", "13": "1", "14": "2", "15": "1", "16": "2", "17": "1", "18": "1", "19": "2", "20": "2", "21": "1", "22": "1", "23": "1", "24": "1", "25": "1", "26": "1", "27": "1", "28": "1", "29": "2", "30": "2"}, "target": 1}