{"edges": [[0, 1], [2, 1], [3, 1], [0, 4], [2, 4], [3, 4], [5, 6], [7, 6], [8, 6], [9, 6], [6, 5], [7, 5], [10, 5], [9, 5], [6, 7], [5, 7], [10, 7], [11, 7], [5, 10], [7, 10], [11, 10], [12, 10], [13, 10], [7, 11], [10, 11], [12, 11], [13, 11], [10, 12], [11, 12], [13, 12], [10, 13], [11, 13], [12, 13], [14, 13], [15, 13], [13, 14], [16, 14], [17, 14], [14, 16], [18, 16], [17, 16], [19, 16], [16, 18], [19, 18], [20, 18], [21, 22], [20, 22], [23, 22], [22, 21], [24, 21], [25, 21], [23, 21], [21, 24], [25, 24], [23, 24], [21, 25], [24, 25], [26, 25], [23, 25], [25, 26], [27, 26], [28, 26], [29, 26], [26, 27], [28, 27], [29, 27], [26, 28], [27, 28], [29, 28], [26, 29], [27, 29], [28, 29], [1, 0], [4, 0], [2, 0], [3, 0], [1, 2], [4, 2], [0, 2], [8, 2], [3, 2], [6, 8], [2, 8], [9, 8], [6, 9], [5, 9], [8, 9], [13, 15], [17, 15], [30, 15], [31, 15], [14, 17], [16, 17], [15, 17], [19, 17], [30, 17], [31, 17], [16, 19], [18, 19], [17, 19], [20, 19], [18, 20], [22, 20], [19, 20], [23, 20], [1, 3], [4, 3], [0, 3], [2, 3], [15, 30], [17, 30], [31, 30], [15, 31], [17, 31], [30, 31], [22, 23], [21, 23], [24, 23], [25, 23], [20, 23]], "labels": {"0": "2", "1": "1", "2": "2", "3": "2", "4": "1", "5": "1", "6": "1", "7": "1", "8": "2", "9": "2", "10": "1", "11": "1", "12": "1", "13": "1", "14": "1", "15": "2", "16": "1", "17": "2", "18": "1", "19": "2", "20": "2", "21": "1", "22": "1", "23": "2", "24": "1", "25": "1", "26": "1", "27": "1", "28": "1", "29": "1", "30": "2", "31": "2"}, "target": 1}