{"edges": [[0, 1], [2, 1], [3, 1], [1, 0], [4, 0], [5, 0], [2, 0], [3, 0], [0, 4], [5, 4], [6, 4], [7, 4], [8, 4], [0, 5], [4, 5], [6, 5], [7, 5], [8, 5], [4, 6], [5, 6], [7, 6], [9, 6], [4, 7], [5, 7], [6, 7], [9, 7], [10, 7], [11, 7], [6, 9], [7, 9], [10, 9], [11, 9], [7, 10], [9, 10], [11, 10], [12, 10], [7, 11], [9, 11], [10, 11], [12, 11], [13, 11], [14, 11], [10, 12], [11, 12], [13, 12], [15, 12], [16, 12], [11, 13], [12, 13], [15, 13], [17, 13], [12, 15], [13, 15], [18, 15], [19, 15], [17, 15], [15, 18], [20, 18], [21, 18], [22, 18], [19, 18], [18, 20], [21, 20], [22, 20], [19, 20], [18, 21], [20, 21], [23, 21], [21, 23], [24, 23], [25, 23], [23, 24], [25, 24], [26, 24], [27, 24], [23, 25], [24, 25], [26, 25], [27, 25], [28, 25], [24, 26], [25, 26], [27, 26], [28, 26], [24, 27], [25, 27], [26, 27], [28, 27], [25, 28], [26, 28], [27, 28], [18, 22], [20, 22], [19, 22], [17, 22], [29, 30], [14, 30], [16, 30], [30, 29], [14, 29], [17, 29], [16, 29], [11, 14], [30, 14], [29, 14], [16, 14], [4, 8], [5, 8], [31, 8], [2, 8], [3, 8], [8, 31], [2, 31], [3, 31], [1, 2], [0, 2], [8, 2], [31, 2], [3, 2], [1, 3], [0, 3], [8, 3], [31, 3], [2, 3], [15, 19], [18, 19], [20, 19], [22, 19], [17, 19], [13, 17], [15, 17], [22, 17], [29, 17], [19, 17], [16, 17], [12, 16], [30, 16], [29, 16], [14, 16], [17, 16]], "labels": {"0": "1", "1": "1", "2": "2", "3": "2", "4": "1", "5": "1", "6": "1", "7": "1", "8": "2", "9": "1", "10": "1", "11": "1", "12": "1", "13": "1", "14": "2", "15": "1", "16": "2", "17": "2", "18": "1", "19": "2", "20": "1", "21": "1", "22": "2", "23": "1", "24": "1", "25": "1", "26": "1", "27": "1", "28": "1", "29": "2", "30": "2", "31": "2"}, "target": 1}