{"edges": [[0, 1], [2, 1], [3, 1], [4, 1], [5, 1], [1, 0], [6, 0], [2, 0], [3, 0], [4, 0], [5, 0], [7, 0], [0, 6], [8, 6], [7, 6], [6, 8], [9, 8], [7, 8], [10, 8], [8, 9], [11, 9], [10, 9], [12, 9], [13, 9], [9, 11], [10, 11], [12, 11], [13, 11], [14, 15], [13, 15], [16, 15], [15, 14], [17, 14], [16, 14], [18, 14], [18, 19], [20, 19], [21, 19], [22, 23], [24, 23], [21, 23], [25, 23], [26, 23], [23, 22], [27, 22], [26, 22], [22, 27], [26, 27], [28, 27], [29, 27], [1, 2], [0, 2], [3, 2], [4, 2], [1, 3], [0, 3], [2, 3], [4, 3], [5, 3], [12, 30], [13, 30], [16, 30], [31, 32], [33, 32], [29, 32], [34, 32], [35, 32], [14, 17], [36, 17], [18, 17], [20, 17], [17, 36], [37, 36], [18, 36], [20, 36], [36, 37], [24, 37], [21, 37], [25, 37], [23, 24], [37, 24], [21, 24], [25, 24], [32, 31], [33, 31], [34, 31], [35, 31], [32, 33], [31, 33], [35, 33], [38, 33], [1, 4], [0, 4], [2, 4], [3, 4], [5, 4], [1, 5], [0, 5], [3, 5], [4, 5], [0, 7], [6, 7], [8, 7], [8, 10], [9, 10], [11, 10], [9, 12], [11, 12], [30, 12], [13, 12], [9, 13], [11, 13], [15, 13], [30, 13], [12, 13], [15, 16], [14, 16], [30, 16], [14, 18], [19, 18], [17, 18], [36, 18], [20, 18], [19, 20], [17, 20], [36, 20], [18, 20], [21, 20], [19, 21], [23, 21], [37, 21], [24, 21], [20, 21], [25, 21], [23, 25], [37, 25], [24, 25], [21, 25], [23, 26], [22, 26], [27, 26], [27, 28], [29, 28], [34, 28], [27, 29], [32, 29], [28, 29], [34, 29], [32, 34], [31, 34], [28, 34], [29, 34], [35, 34], [39, 34], [38, 34], [32, 35], [31, 35], [33, 35], [34, 35], [39, 35], [38, 35], [34, 39], [35, 39], [38, 39], [33, 38], [34, 38], [35, 38], [39, 38]], "labels": {"0": "1", "1": "1", "2": "2", "3": "2", "4": "3", "5": "3", "6": "1", "7": "3", "8": "1", "9": "1", "10": "3", "11": "1", "12": "3", "13": "3", "14": "1", "15": "1", "16": "3", "17": "2", "18": "3", "19": "1", "20": "3", "21": "3", "22": "1", "23": "1", "24": "2", "25": "3", "26": "3", "27": "1", "28": "3", "29": "3", "30": "2", "31": "2", "32": "2", "33": "2", "34": "3", "35": "3", "36": "2", "37": "2", "38": "3", "39": "3"}, "target": 1}