{"edges": [[0, 1], [2, 1], [1, 0], [3, 0], [4, 0], [5, 0], [6, 0], [7, 0], [0, 3], [2, 3], [7, 3], [8, 3], [9, 10], [11, 10], [8, 10], [10, 9], [11, 9], [12, 9], [10, 11], [9, 11], [12, 11], [13, 11], [9, 12], [11, 12], [13, 12], [11, 13], [12, 13], [14, 13], [13, 14], [15, 14], [16, 14], [14, 15], [17, 15], [18, 15], [16, 15], [15, 17], [18, 17], [19, 17], [20, 17], [21, 17], [15, 18], [17, 18], [19, 18], [21, 18], [17, 19], [18, 19], [22, 19], [23, 19], [0, 4], [2, 4], [24, 4], [25, 4], [1, 2], [3, 2], [4, 2], [5, 2], [24, 2], [26, 2], [0, 5], [2, 5], [26, 5], [27, 5], [28, 29], [30, 29], [27, 29], [29, 28], [30, 28], [31, 28], [29, 30], [28, 30], [31, 30], [32, 30], [28, 31], [30, 31], [32, 31], [30, 32], [31, 32], [33, 32], [32, 33], [20, 33], [22, 33], [34, 33], [17, 20], [33, 20], [22, 20], [35, 20], [34, 20], [19, 22], [33, 22], [20, 22], [35, 22], [23, 22], [36, 22], [20, 35], [22, 35], [23, 35], [36, 35], [19, 23], [22, 23], [35, 23], [37, 38], [39, 38], [25, 38], [40, 38], [0, 6], [37, 6], [25, 6], [38, 37], [6, 37], [41, 37], [24, 37], [0, 7], [3, 7], [8, 7], [27, 7], [3, 8], [10, 8], [7, 8], [26, 8], [14, 16], [15, 16], [21, 16], [36, 16], [17, 21], [18, 21], [16, 21], [34, 21], [39, 42], [40, 42], [38, 39], [42, 39], [41, 39], [43, 39], [40, 39], [37, 41], [39, 41], [25, 41], [40, 41], [4, 24], [2, 24], [37, 24], [25, 24], [4, 25], [38, 25], [6, 25], [41, 25], [24, 25], [2, 26], [5, 26], [8, 26], [27, 26], [5, 27], [29, 27], [7, 27], [26, 27], [33, 34], [20, 34], [21, 34], [36, 34], [22, 36], [35, 36], [16, 36], [34, 36], [39, 43], [40, 43], [38, 40], [42, 40], [39, 40], [41, 40], [43, 40]], "labels": {"0": "1", "1": "1", "2": "1", "3": "1", "4": "1", "5": "1", "6": "2", "7": "2", "8": "2", "9": "1", "10": "1", "11": "1", "12": "1", "13": "1", "14": "1", "15": "1", "16": "2", "17": "1", "18": "1", "19": "1", "20": "1", "21": "2", "22": "1", "23": "1", "24": "2", "25": "2", "26": "2", "27": "2", "28": "1", "29": "1", "30": "1", "31": "1", "32": "1", "33": "1", "34": "2", "35": "1", "36": "2", "37": "2", "38": "2", "39": "2", "40": "2", "41": "2", "42": "2", "43": "2"}, "target": 1}