{"edges": [[0, 1], [2, 1], [1, 0], [3, 0], [4, 0], [0, 3], [5, 3], [6, 3], [3, 5], [7, 5], [8, 5], [9, 5], [5, 7], [6, 7], [10, 7], [11, 12], [13, 12], [14, 12], [15, 12], [12, 11], [16, 11], [13, 11], [17, 11], [18, 11], [0, 4], [2, 4], [1, 2], [4, 2], [8, 2], [5, 8], [2, 8], [6, 8], [3, 6], [7, 6], [8, 6], [9, 6], [5, 9], [6, 9], [19, 9], [11, 16], [13, 16], [14, 16], [20, 16], [21, 16], [12, 13], [11, 13], [16, 13], [22, 13], [23, 13], [7, 10], [24, 10], [25, 10], [26, 27], [28, 27], [10, 24], [29, 24], [30, 24], [19, 24], [31, 32], [33, 32], [34, 32], [32, 31], [35, 31], [36, 31], [37, 38], [15, 38], [39, 38], [21, 38], [38, 37], [40, 37], [41, 37], [37, 40], [18, 40], [24, 29], [30, 29], [25, 29], [32, 33], [34, 33], [14, 33], [42, 33], [20, 33], [31, 35], [30, 35], [36, 35], [43, 35], [44, 35], [11, 17], [26, 17], [28, 17], [11, 18], [40, 18], [24, 30], [29, 30], [35, 30], [25, 30], [32, 34], [33, 34], [14, 34], [42, 34], [20, 34], [31, 36], [35, 36], [43, 36], [45, 36], [27, 26], [17, 26], [46, 26], [22, 26], [12, 14], [16, 14], [33, 14], [34, 14], [12, 15], [38, 15], [41, 15], [21, 15], [9, 19], [24, 19], [25, 19], [26, 46], [28, 46], [10, 25], [29, 25], [30, 25], [19, 25], [47, 25], [33, 42], [34, 42], [43, 42], [48, 42], [35, 43], [36, 43], [42, 43], [45, 43], [37, 41], [15, 41], [39, 41], [21, 41], [38, 39], [41, 39], [49, 39], [39, 49], [23, 49], [25, 47], [50, 47], [42, 48], [51, 48], [36, 45], [43, 45], [44, 45], [13, 22], [26, 22], [28, 22], [13, 23], [49, 23], [47, 50], [44, 50], [48, 51], [20, 51], [35, 44], [45, 44], [50, 44], [27, 28], [17, 28], [46, 28], [22, 28], [16, 20], [33, 20], [34, 20], [51, 20], [16, 21], [38, 21], [15, 21], [41, 21]], "labels": {"0": "1", "1": "1", "2": "1", "3": "1", "4": "1", "5": "1", "6": "1", "7": "1", "8": "1", "9": "1", "10": "2", "11": "1", "12": "1", "13": "1", "14": "2", "15": "2", "16": "1", "17": "2", "18": "2", "19": "2", "20": "2", "21": "2", "22": "2", "23": "2", "24": "2", "25": "2", "26": "2", "27": "2", "28": "2", "29": "2", "30": "2", "31": "2", "32": "2", "33": "2", "34": "2", "35": "2", "36": "2", "37": "2", "38": "2", "39": "2", "40": "2", "41": "2", "42": "2", "43": "2", "44": "2", "45": "2", "46": "2", "47": "2", "48": "2", "49": "2", "50": "2", "51": "2"}, "target": 1}