{"edges": [[0, 1], [2, 1], [3, 1], [4, 1], [1, 0], [2, 0], [5, 0], [6, 0], [4, 0], [1, 2], [0, 2], [5, 2], [7, 2], [8, 2], [0, 5], [2, 5], [9, 5], [10, 5], [11, 12], [13, 12], [14, 12], [15, 12], [12, 11], [13, 11], [14, 11], [16, 11], [12, 13], [11, 13], [14, 13], [17, 13], [18, 13], [12, 14], [11, 14], [13, 14], [17, 14], [19, 14], [13, 17], [14, 17], [20, 17], [21, 17], [22, 17], [17, 20], [23, 20], [24, 20], [3, 25], [6, 25], [4, 25], [11, 16], [26, 16], [27, 16], [15, 16], [13, 18], [28, 18], [26, 18], [19, 18], [29, 30], [31, 30], [32, 30], [33, 30], [9, 34], [35, 34], [31, 34], [32, 34], [30, 29], [15, 29], [33, 29], [5, 9], [34, 9], [10, 9], [35, 9], [8, 9], [5, 10], [9, 10], [35, 10], [8, 10], [20, 23], [21, 23], [24, 23], [22, 23], [1, 3], [25, 3], [6, 3], [4, 3], [18, 28], [26, 28], [27, 28], [0, 6], [25, 6], [3, 6], [4, 6], [7, 6], [8, 6], [1, 4], [0, 4], [25, 4], [3, 4], [6, 4], [7, 4], [2, 7], [6, 7], [4, 7], [8, 7], [16, 26], [18, 26], [28, 26], [27, 26], [16, 27], [28, 27], [26, 27], [34, 35], [9, 35], [10, 35], [32, 35], [2, 8], [9, 8], [10, 8], [6, 8], [7, 8], [17, 21], [23, 21], [36, 21], [24, 21], [22, 21], [21, 36], [37, 36], [38, 36], [20, 24], [23, 24], [21, 24], [22, 24], [36, 37], [19, 37], [38, 37], [14, 19], [18, 19], [37, 19], [38, 19], [12, 15], [16, 15], [29, 15], [33, 15], [30, 31], [34, 31], [32, 31], [33, 31], [30, 32], [34, 32], [35, 32], [31, 32], [30, 33], [29, 33], [15, 33], [31, 33], [36, 38], [37, 38], [19, 38], [17, 22], [23, 22], [21, 22], [24, 22]], "labels": {"0": "1", "1": "1", "2": "1", "3": "2", "4": "2", "5": "1", "6": "2", "7": "2", "8": "2", "9": "2", "10": "2", "11": "1", "12": "1", "13": "1", "14": "1", "15": "2", "16": "2", "17": "1", "18": "2", "19": "2", "20": "1", "21": "2", "22": "2", "23": "2", "24": "2", "25": "2", "26": "2", "27": "2", "28": "2", "29": "2", "30": "2", "31": "2", "32": "2", "33": "2", "34": "2", "35": "2", "36": "2", "37": "2", "38": "2"}, "target": 1}