{"edges": [[0, 1], [2, 1], [3, 1], [4, 5], [6, 5], [7, 5], [8, 9], [10, 9], [11, 9], [12, 9], [13, 14], [15, 14], [16, 14], [14, 13], [17, 13], [18, 13], [19, 20], [21, 20], [22, 20], [20, 19], [23, 19], [24, 19], [0, 25], [2, 25], [26, 25], [3, 25], [4, 27], [6, 27], [7, 27], [28, 27], [10, 29], [11, 29], [30, 29], [12, 29], [31, 29], [32, 33], [15, 33], [16, 33], [34, 33], [35, 33], [33, 32], [17, 32], [18, 32], [36, 37], [21, 37], [22, 37], [38, 37], [37, 36], [24, 36], [1, 0], [25, 0], [39, 0], [2, 0], [40, 0], [3, 0], [0, 39], [41, 39], [26, 39], [39, 41], [4, 41], [7, 41], [1, 2], [25, 2], [0, 2], [26, 2], [5, 4], [27, 4], [41, 4], [42, 4], [43, 44], [10, 44], [45, 44], [44, 43], [6, 43], [46, 43], [28, 43], [5, 6], [27, 6], [43, 6], [45, 6], [20, 21], [37, 21], [47, 21], [22, 21], [23, 21], [24, 21], [9, 8], [48, 8], [48, 49], [50, 49], [50, 51], [52, 51], [9, 10], [29, 10], [44, 10], [11, 10], [14, 15], [33, 15], [52, 15], [16, 15], [35, 15], [21, 47], [53, 47], [54, 47], [47, 53], [17, 53], [55, 53], [18, 53], [13, 17], [32, 17], [53, 17], [54, 17], [20, 22], [37, 22], [21, 22], [23, 22], [24, 22], [8, 48], [49, 48], [49, 50], [51, 50], [51, 52], [15, 52], [9, 11], [29, 11], [10, 11], [14, 16], [33, 16], [15, 16], [34, 16], [19, 23], [21, 23], [22, 23], [24, 23], [25, 26], [39, 26], [2, 26], [40, 26], [3, 26], [0, 40], [26, 40], [42, 40], [4, 42], [40, 42], [7, 42], [1, 3], [25, 3], [0, 3], [26, 3], [5, 7], [27, 7], [41, 7], [42, 7], [43, 46], [45, 46], [12, 46], [44, 45], [6, 45], [46, 45], [28, 45], [27, 28], [43, 28], [45, 28], [55, 56], [38, 56], [29, 30], [57, 30], [57, 58], [59, 58], [59, 60], [61, 60], [9, 12], [29, 12], [46, 12], [31, 12], [33, 34], [16, 34], [61, 34], [35, 34], [53, 55], [56, 55], [54, 55], [47, 54], [17, 54], [55, 54], [18, 54], [13, 18], [32, 18], [53, 18], [54, 18], [37, 38], [56, 38], [30, 57], [58, 57], [58, 59], [60, 59], [60, 61], [34, 61], [29, 31], [12, 31], [33, 35], [15, 35], [34, 35], [19, 24], [36, 24], [21, 24], [22, 24], [23, 24]], "labels": {"0": "2", "1": "1", "2": "2", "3": "2", "4": "2", "5": "1", "6": "2", "7": "2", "8": "2", "9": "1", "10": "2", "11": "2", "12": "2", "13": "1", "14": "1", "15": "2", "16": "2", "17": "2", "18": "2", "19": "1", "20": "1", "21": "2", "22": "2", "23": "2", "24": "2", "25": "1", "26": "2", "27": "1", "28": "2", "29": "1", "30": "2", "31": "2", "32": "1", "33": "1", "34": "2", "35": "2", "36": "1", "37": "1", "38": "2", "39": "2", "40": "2", "41": "2", "42": "2", "43": "2", "44": "2", "45": "2", "46": "2", "47": "2", "48": "2", "49": "2", "50": "2", "51": "2", "52": "2", "53": "2", "54": "2", "55": "2", "56": "2", "57": "2", "58": "2", "59": "2", "60": "2", "61": "2"}, "target": 1}