{"edges": [[0, 1], [2, 1], [3, 1], [4, 5], [6, 5], [7, 5], [8, 9], [10, 9], [11, 9], [12, 9], [13, 14], [15, 14], [16, 14], [14, 13], [17, 13], [18, 13], [19, 20], [21, 20], [22, 20], [0, 23], [2, 23], [24, 23], [3, 23], [4, 25], [6, 25], [7, 25], [26, 25], [8, 27], [11, 27], [12, 27], [28, 27], [29, 27], [30, 31], [15, 31], [16, 31], [32, 31], [33, 31], [31, 30], [17, 30], [18, 30], [19, 34], [35, 34], [22, 34], [1, 0], [23, 0], [36, 0], [2, 0], [37, 0], [3, 0], [0, 36], [38, 36], [24, 36], [36, 38], [4, 38], [7, 38], [1, 2], [23, 2], [0, 2], [24, 2], [5, 4], [25, 4], [38, 4], [39, 4], [40, 41], [8, 41], [42, 41], [41, 40], [6, 40], [43, 40], [26, 40], [5, 6], [25, 6], [40, 6], [42, 6], [20, 19], [34, 19], [44, 19], [21, 19], [22, 19], [45, 46], [10, 46], [46, 45], [47, 45], [47, 48], [49, 48], [9, 8], [27, 8], [41, 8], [11, 8], [14, 15], [31, 15], [16, 15], [33, 15], [50, 51], [44, 51], [52, 51], [51, 50], [17, 50], [53, 50], [18, 50], [13, 17], [30, 17], [50, 17], [52, 17], [19, 44], [51, 44], [21, 44], [22, 44], [9, 10], [46, 10], [45, 47], [48, 47], [48, 49], [16, 49], [9, 11], [27, 11], [8, 11], [14, 16], [31, 16], [15, 16], [49, 16], [32, 16], [20, 21], [19, 21], [44, 21], [22, 21], [23, 24], [36, 24], [2, 24], [37, 24], [3, 24], [0, 37], [24, 37], [39, 37], [4, 39], [37, 39], [7, 39], [1, 3], [23, 3], [0, 3], [24, 3], [5, 7], [25, 7], [38, 7], [39, 7], [40, 43], [42, 43], [12, 43], [41, 42], [6, 42], [43, 42], [26, 42], [25, 26], [40, 26], [42, 26], [34, 35], [54, 35], [28, 55], [56, 55], [56, 57], [58, 57], [32, 59], [58, 59], [9, 12], [27, 12], [43, 12], [29, 12], [31, 32], [16, 32], [59, 32], [33, 32], [50, 53], [52, 53], [54, 53], [51, 52], [17, 52], [53, 52], [18, 52], [13, 18], [30, 18], [50, 18], [52, 18], [35, 54], [53, 54], [27, 28], [55, 28], [55, 56], [57, 56], [57, 58], [59, 58], [27, 29], [12, 29], [31, 33], [15, 33], [32, 33], [20, 22], [34, 22], [19, 22], [44, 22], [21, 22]], "labels": {"0": "2", "1": "1", "2": "2", "3": "2", "4": "2", "5": "1", "6": "2", "7": "2", "8": "2", "9": "1", "10": "2", "11": "2", "12": "2", "13": "1", "14": "1", "15": "2", "16": "2", "17": "2", "18": "2", "19": "2", "20": "1", "21": "2", "22": "2", "23": "1", "24": "2", "25": "1", "26": "2", "27": "1", "28": "2", "29": "2", "30": "1", "31": "1", "32": "2", "33": "2", "34": "1", "35": "2", "36": "2", "37": "2", "38": "2", "39": "2", "40": "2", "41": "2", "42": "2", "43": "2", "44": "2", "45": "2", "46": "2", "47": "2", "48": "2", "49": "2", "50": "2", "51": "2", "52": "2", "53": "2", "54": "2", "55": "2", "56": "2", "57": "2", "58": "2", "59": "2"}, "target": 1}