{"edges": [[0, 1], [2, 3], [4, 3], [5, 6], [7, 6], [8, 9], [10, 9], [11, 9], [9, 8], [12, 8], [13, 8], [14, 15], [16, 15], [17, 15], [18, 15], [15, 14], [16, 14], [19, 20], [0, 20], [21, 20], [22, 20], [20, 19], [23, 19], [24, 19], [25, 26], [27, 26], [28, 29], [30, 29], [31, 29], [29, 28], [32, 28], [33, 28], [34, 35], [36, 35], [37, 35], [35, 34], [38, 34], [36, 34], [0, 39], [40, 39], [41, 39], [42, 43], [44, 43], [45, 46], [47, 46], [8, 12], [10, 12], [48, 12], [9, 10], [12, 10], [49, 10], [15, 16], [14, 16], [17, 16], [50, 16], [15, 17], [16, 17], [1, 0], [20, 0], [39, 0], [51, 0], [52, 0], [53, 0], [0, 51], [54, 51], [55, 51], [56, 57], [58, 57], [28, 32], [30, 32], [59, 32], [29, 30], [32, 30], [60, 30], [34, 38], [36, 38], [61, 38], [35, 36], [34, 36], [38, 36], [62, 63], [64, 63], [63, 62], [65, 62], [62, 65], [2, 65], [63, 64], [3, 2], [65, 2], [66, 67], [5, 67], [67, 66], [4, 66], [3, 4], [66, 4], [8, 13], [68, 13], [13, 68], [69, 68], [68, 69], [18, 69], [9, 11], [70, 11], [6, 5], [67, 5], [11, 70], [71, 70], [70, 71], [7, 71], [6, 7], [71, 7], [15, 18], [69, 18], [61, 18], [20, 21], [72, 21], [21, 72], [73, 72], [72, 73], [23, 73], [20, 22], [19, 23], [73, 23], [74, 75], [25, 75], [75, 74], [24, 74], [19, 24], [74, 24], [28, 33], [76, 33], [33, 76], [77, 76], [76, 77], [37, 77], [29, 31], [78, 31], [26, 25], [75, 25], [31, 78], [79, 78], [78, 79], [27, 79], [26, 27], [79, 27], [35, 37], [77, 37], [61, 37], [39, 40], [80, 40], [40, 80], [81, 80], [80, 81], [42, 81], [39, 41], [43, 42], [81, 42], [82, 83], [45, 83], [83, 82], [44, 82], [43, 44], [82, 44], [10, 49], [84, 49], [49, 84], [85, 84], [84, 85], [50, 85], [12, 48], [86, 48], [46, 45], [83, 45], [48, 86], [87, 86], [86, 87], [47, 87], [46, 47], [87, 47], [16, 50], [85, 50], [61, 50], [0, 52], [88, 52], [52, 88], [89, 88], [88, 89], [54, 89], [0, 53], [51, 54], [89, 54], [90, 91], [56, 91], [91, 90], [55, 90], [51, 55], [90, 55], [30, 60], [92, 60], [60, 92], [93, 92], [92, 93], [61, 93], [32, 59], [94, 59], [57, 56], [91, 56], [59, 94], [95, 94], [94, 95], [58, 95], [57, 58], [95, 58], [38, 61], [18, 61], [37, 61], [50, 61], [93, 61]], "labels": {"0": "1", "1": "1", "2": "2", "3": "1", "4": "2", "5": "2", "6": "1", "7": "2", "8": "1", "9": "1", "10": "1", "11": "2", "12": "1", "13": "2", "14": "1", "15": "1", "16": "1", "17": "1", "18": "2", "19": "1", "20": "1", "21": "2", "22": "2", "23": "2", "24": "2", "25": "2", "26": "1", "27": "2", "28": "1", "29": "1", "30": "1", "31": "2", "32": "1", "33": "2", "34": "1", "35": "1", "36": "1", "37": "2", "38": "1", "39": "1", "40": "2", "41": "2", "42": "2", "43": "1", "44": "2", "45": "2", "46": "1", "47": "2", "48": "2", "49": "2", "50": "2", "51": "1", "52": "2", "53": "2", "54": "2", "55": "2", "56": "2", "57": "1", "58": "2", "59": "2", "60": "2", "61": "2", "62": "2", "63": "2", "64": "2", "65": "2", "66": "2", "67": "2", "68": "2", "69": "2", "70": "2", "71": "2", "72": "2", "73": "2", "74": "2", "75": "2", "76": "2", "77": "2", "78": "2", "79": "2", "80": "2", "81": "2", "82": "2", "83": "2", "84": "2", "85": "2", "86": "2", "87": "2", "88": "2", "89": "2", "90": "2", "91": "2", "92": "2", "93": "2", "94": "2", "95": "2"}, "target": 1}