{"edges": [[0, 1], [2, 1], [3, 1], [1, 0], [2, 0], [4, 0], [5, 0], [6, 0], [1, 2], [0, 2], [4, 2], [7, 2], [8, 2], [6, 2], [0, 4], [2, 4], [7, 4], [9, 4], [10, 4], [11, 4], [2, 7], [4, 7], [9, 7], [12, 7], [11, 7], [4, 9], [7, 9], [13, 9], [14, 9], [15, 16], [17, 16], [3, 16], [5, 16], [16, 15], [17, 15], [3, 15], [5, 15], [16, 17], [15, 17], [3, 17], [5, 17], [1, 3], [16, 3], [15, 3], [17, 3], [0, 5], [16, 5], [15, 5], [17, 5], [8, 5], [6, 5], [4, 10], [8, 10], [6, 10], [11, 10], [2, 8], [5, 8], [10, 8], [6, 8], [0, 6], [2, 6], [5, 6], [10, 6], [8, 6], [18, 19], [20, 19], [21, 19], [7, 12], [22, 12], [23, 12], [11, 12], [12, 22], [23, 22], [11, 22], [13, 22], [12, 23], [22, 23], [13, 23], [4, 11], [7, 11], [10, 11], [12, 11], [22, 11], [9, 13], [22, 13], [23, 13], [14, 13], [19, 18], [20, 18], [14, 18], [21, 18], [19, 20], [18, 20], [14, 20], [21, 20], [9, 14], [13, 14], [18, 14], [20, 14], [19, 21], [18, 21], [20, 21]], "labels": {"0": "1", "1": "1", "2": "1", "3": "2", "4": "1", "5": "2", "6": "2", "7": "1", "8": "2", "9": "1", "10": "2", "11": "2", "12": "2", "13": "2", "14": "2", "15": "2", "16": "2", "17": "2", "18": "2", "19": "2", "20": "2", "21": "2", "22": "2", "23": "2"}, "target": 1}