{"edges": [[0, 1], [2, 1], [3, 1], [1, 0], [4, 0], [2, 0], [3, 0], [5, 0], [0, 4], [6, 4], [7, 4], [5, 4], [4, 6], [8, 6], [7, 6], [8, 9], [10, 9], [11, 9], [12, 13], [14, 13], [15, 13], [11, 13], [13, 12], [14, 12], [15, 12], [13, 14], [12, 14], [15, 14], [16, 14], [13, 15], [12, 15], [14, 15], [16, 15], [17, 15], [18, 15], [14, 16], [15, 16], [17, 16], [18, 16], [15, 17], [16, 17], [18, 17], [15, 18], [16, 18], [17, 18], [19, 18], [20, 21], [22, 21], [23, 21], [21, 20], [22, 20], [23, 20], [24, 20], [25, 26], [27, 26], [24, 26], [26, 25], [28, 25], [27, 25], [29, 25], [25, 28], [30, 28], [29, 28], [31, 28], [28, 30], [31, 30], [32, 30], [1, 2], [0, 2], [3, 2], [5, 2], [6, 8], [9, 8], [10, 8], [7, 8], [9, 10], [8, 10], [11, 10], [21, 22], [20, 22], [23, 22], [33, 22], [24, 22], [21, 23], [20, 23], [22, 23], [33, 23], [19, 23], [22, 33], [23, 33], [19, 33], [9, 11], [13, 11], [10, 11], [18, 19], [23, 19], [33, 19], [1, 3], [0, 3], [2, 3], [7, 3], [5, 3], [4, 7], [6, 7], [8, 7], [3, 7], [5, 7], [0, 5], [4, 5], [2, 5], [3, 5], [7, 5], [26, 27], [25, 27], [24, 27], [29, 27], [20, 24], [26, 24], [22, 24], [27, 24], [25, 29], [28, 29], [27, 29], [31, 29], [32, 29], [28, 31], [30, 31], [29, 31], [32, 31], [30, 32], [29, 32], [31, 32]], "labels": {"0": "1", "1": "1", "2": "2", "3": "2", "4": "1", "5": "2", "6": "1", "7": "2", "8": "2", "9": "1", "10": "2", "11": "2", "12": "1", "13": "1", "14": "1", "15": "1", "16": "1", "17": "1", "18": "1", "19": "2", "20": "1", "21": "1", "22": "2", "23": "2", "24": "2", "25": "1", "26": "1", "27": "2", "28": "1", "29": "2", "30": "1", "31": "2", "32": "2", "33": "2"}, "target": 6}