{"edges": [[0, 1], [2, 1], [3, 1], [1, 0], [2, 0], [4, 0], [5, 0], [6, 0], [1, 2], [0, 2], [4, 2], [0, 4], [2, 4], [7, 4], [8, 9], [10, 9], [7, 9], [9, 8], [11, 8], [12, 8], [13, 8], [8, 11], [14, 11], [12, 11], [10, 11], [15, 11], [16, 11], [11, 14], [17, 14], [13, 14], [16, 14], [14, 17], [18, 17], [17, 18], [19, 18], [18, 19], [20, 19], [21, 19], [22, 19], [19, 20], [21, 20], [23, 20], [22, 20], [19, 21], [20, 21], [24, 21], [25, 21], [26, 21], [27, 21], [28, 21], [21, 24], [29, 24], [22, 24], [27, 24], [24, 29], [22, 29], [26, 29], [0, 5], [3, 5], [30, 5], [31, 5], [32, 5], [1, 3], [5, 3], [30, 3], [33, 3], [31, 3], [5, 30], [3, 30], [33, 30], [3, 33], [30, 33], [34, 33], [8, 12], [11, 12], [10, 12], [34, 12], [9, 10], [11, 10], [12, 10], [13, 10], [8, 13], [14, 13], [10, 13], [15, 13], [35, 13], [11, 15], [13, 15], [36, 15], [35, 15], [15, 36], [37, 36], [36, 37], [23, 37], [20, 23], [37, 23], [38, 23], [22, 23], [23, 38], [22, 38], [19, 22], [20, 22], [24, 22], [29, 22], [23, 22], [38, 22], [25, 22], [28, 22], [21, 25], [22, 25], [26, 25], [39, 25], [28, 25], [21, 26], [29, 26], [25, 26], [39, 26], [21, 27], [24, 27], [39, 27], [28, 27], [11, 16], [14, 16], [7, 16], [34, 16], [35, 16], [6, 40], [31, 40], [32, 40], [4, 7], [9, 7], [16, 7], [35, 7], [0, 6], [40, 6], [41, 6], [31, 6], [32, 6], [25, 39], [26, 39], [27, 39], [28, 39], [6, 41], [32, 41], [33, 34], [12, 34], [16, 34], [35, 34], [5, 31], [3, 31], [40, 31], [6, 31], [32, 31], [5, 32], [40, 32], [6, 32], [41, 32], [31, 32], [13, 35], [15, 35], [16, 35], [7, 35], [34, 35], [21, 28], [22, 28], [25, 28], [27, 28], [39, 28]], "labels": {"0": "1", "1": "1", "2": "1", "3": "1", "4": "1", "5": "1", "6": "2", "7": "2", "8": "1", "9": "1", "10": "1", "11": "1", "12": "1", "13": "1", "14": "1", "15": "1", "16": "2", "17": "1", "18": "1", "19": "1", "20": "1", "21": "1", "22": "1", "23": "1", "24": "1", "25": "1", "26": "1", "27": "2", "28": "2", "29": "1", "30": "1", "31": "2", "32": "2", "33": "1", "34": "2", "35": "2", "36": "1", "37": "1", "38": "1", "39": "2", "40": "2", "41": "2"}, "target": 2}