{"edges": [[0, 1], [2, 1], [1, 0], [3, 0], [4, 0], [5, 0], [0, 3], [6, 3], [7, 3], [8, 9], [10, 9], [11, 9], [7, 9], [9, 8], [12, 8], [13, 8], [11, 8], [8, 12], [14, 12], [13, 12], [10, 12], [15, 12], [16, 12], [12, 14], [17, 14], [11, 14], [18, 14], [14, 17], [19, 17], [20, 17], [17, 19], [21, 19], [22, 19], [19, 21], [22, 21], [20, 21], [19, 22], [21, 22], [23, 22], [24, 22], [22, 23], [24, 23], [25, 23], [26, 23], [22, 24], [23, 24], [27, 24], [28, 24], [29, 30], [31, 30], [26, 30], [32, 30], [30, 29], [31, 29], [33, 29], [34, 29], [30, 31], [29, 31], [33, 31], [34, 31], [1, 2], [35, 2], [6, 2], [36, 2], [37, 2], [2, 35], [6, 35], [4, 35], [36, 35], [3, 6], [2, 6], [35, 6], [4, 6], [0, 4], [35, 4], [6, 4], [38, 4], [8, 13], [12, 13], [10, 13], [38, 13], [9, 10], [12, 10], [13, 10], [11, 10], [9, 11], [8, 11], [14, 11], [10, 11], [15, 11], [39, 11], [12, 15], [11, 15], [40, 15], [41, 15], [15, 40], [20, 40], [17, 20], [21, 20], [40, 20], [42, 20], [20, 42], [25, 42], [23, 25], [42, 25], [43, 25], [25, 43], [26, 43], [23, 26], [30, 26], [43, 26], [27, 26], [44, 26], [24, 27], [26, 27], [33, 27], [45, 27], [46, 27], [29, 33], [31, 33], [27, 33], [46, 33], [24, 28], [32, 28], [34, 28], [46, 28], [14, 18], [7, 18], [16, 18], [38, 18], [5, 47], [48, 47], [36, 47], [37, 47], [3, 7], [9, 7], [18, 7], [16, 7], [0, 5], [47, 5], [48, 5], [30, 32], [28, 32], [34, 32], [46, 32], [12, 16], [18, 16], [7, 16], [38, 16], [47, 48], [5, 48], [49, 48], [36, 48], [29, 34], [31, 34], [28, 34], [32, 34], [46, 34], [26, 44], [45, 44], [15, 41], [39, 41], [48, 49], [37, 49], [4, 38], [13, 38], [18, 38], [16, 38], [2, 36], [35, 36], [47, 36], [48, 36], [27, 45], [44, 45], [11, 39], [41, 39], [2, 37], [47, 37], [49, 37], [27, 46], [33, 46], [28, 46], [32, 46], [34, 46]], "labels": {"0": "1", "1": "1", "2": "1", "3": "1", "4": "1", "5": "2", "6": "1", "7": "2", "8": "1", "9": "1", "10": "1", "11": "1", "12": "1", "13": "1", "14": "1", "15": "1", "16": "2", "17": "1", "18": "2", "19": "1", "20": "1", "21": "1", "22": "1", "23": "1", "24": "1", "25": "1", "26": "1", "27": "1", "28": "2", "29": "1", "30": "1", "31": "1", "32": "2", "33": "1", "34": "2", "35": "1", "36": "2", "37": "2", "38": "2", "39": "2", "40": "1", "41": "2", "42": "1", "43": "1", "44": "2", "45": "2", "46": "2", "47": "2", "48": "2", "49": "2"}, "target": 2}