{"edges": [[0, 1], [2, 1], [3, 1], [1, 0], [4, 0], [5, 0], [6, 0], [0, 4], [5, 4], [2, 4], [7, 4], [0, 5], [4, 5], [8, 5], [9, 5], [7, 5], [5, 8], [10, 8], [11, 8], [12, 8], [13, 8], [8, 10], [9, 10], [12, 10], [13, 10], [14, 10], [15, 16], [17, 16], [18, 16], [1, 2], [4, 2], [19, 2], [1, 3], [11, 3], [6, 3], [20, 3], [19, 3], [8, 11], [3, 11], [9, 11], [7, 11], [20, 11], [5, 9], [10, 9], [11, 9], [12, 9], [21, 9], [8, 12], [10, 12], [9, 12], [22, 12], [21, 12], [23, 12], [12, 22], [14, 22], [17, 22], [23, 22], [18, 22], [16, 15], [18, 15], [4, 7], [5, 7], [11, 7], [6, 7], [19, 7], [8, 13], [10, 13], [14, 13], [23, 13], [0, 6], [3, 6], [7, 6], [20, 6], [10, 14], [22, 14], [13, 14], [17, 14], [21, 14], [16, 17], [22, 17], [14, 17], [18, 17], [3, 20], [11, 20], [6, 20], [9, 21], [12, 21], [14, 21], [23, 21], [2, 19], [3, 19], [7, 19], [12, 23], [22, 23], [13, 23], [21, 23], [16, 18], [22, 18], [15, 18], [17, 18]], "labels": {"0": "1", "1": "1", "2": "1", "3": "1", "4": "1", "5": "1", "6": "2", "7": "2", "8": "1", "9": "1", "10": "1", "11": "1", "12": "1", "13": "2", "14": "2", "15": "1", "16": "1", "17": "2", "18": "2", "19": "2", "20": "2", "21": "2", "22": "1", "23": "2"}, "target": 2}