{"edges": [[0, 1], [2, 1], [1, 0], [3, 0], [4, 0], [5, 0], [6, 0], [7, 0], [0, 3], [8, 3], [9, 3], [6, 3], [3, 8], [10, 8], [5, 8], [11, 8], [8, 10], [12, 10], [13, 10], [11, 10], [14, 10], [10, 12], [13, 12], [15, 12], [16, 12], [14, 12], [10, 13], [12, 13], [15, 13], [17, 13], [12, 15], [13, 15], [17, 15], [0, 4], [2, 4], [18, 4], [1, 2], [4, 2], [5, 2], [19, 2], [18, 2], [0, 5], [8, 5], [2, 5], [9, 5], [19, 5], [3, 9], [5, 9], [20, 9], [11, 21], [20, 21], [22, 21], [23, 21], [16, 24], [14, 24], [22, 24], [12, 16], [24, 16], [14, 16], [22, 16], [25, 16], [17, 26], [25, 26], [27, 26], [28, 29], [7, 29], [18, 29], [30, 29], [7, 31], [18, 31], [32, 31], [30, 31], [33, 34], [35, 34], [32, 34], [34, 33], [36, 33], [23, 33], [11, 37], [20, 37], [23, 37], [38, 37], [39, 40], [14, 40], [22, 40], [38, 40], [40, 39], [14, 39], [22, 39], [27, 39], [17, 41], [25, 41], [27, 41], [28, 42], [7, 42], [18, 42], [43, 42], [29, 28], [42, 28], [36, 28], [44, 28], [43, 28], [33, 36], [28, 36], [35, 36], [44, 36], [34, 35], [36, 35], [45, 35], [46, 35], [35, 45], [47, 45], [46, 45], [48, 45], [45, 47], [49, 47], [14, 47], [48, 47], [47, 49], [50, 49], [14, 49], [51, 49], [49, 50], [51, 50], [0, 6], [3, 6], [8, 11], [10, 11], [21, 11], [37, 11], [0, 7], [29, 7], [31, 7], [42, 7], [10, 14], [12, 14], [24, 14], [16, 14], [40, 14], [39, 14], [47, 14], [49, 14], [13, 17], [15, 17], [26, 17], [41, 17], [51, 17], [2, 19], [5, 19], [9, 20], [21, 20], [37, 20], [4, 18], [2, 18], [29, 18], [31, 18], [42, 18], [21, 22], [24, 22], [16, 22], [40, 22], [39, 22], [16, 25], [26, 25], [41, 25], [51, 25], [31, 32], [34, 32], [21, 23], [33, 23], [37, 23], [29, 30], [31, 30], [37, 38], [40, 38], [26, 27], [39, 27], [41, 27], [51, 27], [28, 44], [36, 44], [35, 46], [45, 46], [42, 43], [28, 43], [45, 48], [47, 48], [49, 51], [50, 51], [17, 51], [25, 51], [27, 51]], "labels": {"0": "1", "1": "1", "2": "1", "3": "1", "4": "1", "5": "1", "6": "2", "7": "2", "8": "1", "9": "1", "10": "1", "11": "2", "12": "1", "13": "1", "14": "2", "15": "1", "16": "1", "17": "2", "18": "2", "19": "2", "20": "2", "21": "1", "22": "2", "23": "2", "24": "1", "25": "2", "26": "1", "27": "2", "28": "1", "29": "1", "30": "2", "31": "1", "32": "2", "33": "1", "34": "1", "35": "1", "36": "1", "37": "1", "38": "2", "39": "1", "40": "1", "41": "1", "42": "1", "43": "2", "44": "2", "45": "1", "46": "2", "47": "1", "48": "2", "49": "1", "50": "1", "51": "2"}, "target": 2}