{"edges": [[0, 1], [2, 1], [1, 0], [3, 0], [4, 0], [5, 0], [6, 0], [0, 3], [2, 3], [7, 3], [6, 3], [8, 3], [9, 10], [11, 10], [12, 10], [8, 10], [13, 10], [10, 9], [11, 9], [12, 9], [14, 9], [10, 11], [9, 11], [12, 11], [14, 11], [10, 12], [9, 12], [11, 12], [15, 12], [16, 17], [18, 17], [19, 17], [17, 16], [20, 16], [21, 16], [16, 20], [22, 20], [23, 20], [24, 20], [25, 20], [20, 22], [26, 22], [23, 22], [24, 22], [25, 22], [0, 4], [2, 4], [27, 4], [28, 4], [1, 2], [3, 2], [4, 2], [7, 2], [5, 2], [29, 2], [30, 2], [3, 7], [2, 7], [6, 7], [30, 7], [31, 7], [32, 33], [34, 33], [35, 33], [13, 33], [33, 32], [34, 32], [35, 32], [36, 32], [33, 34], [32, 34], [35, 34], [36, 34], [33, 35], [32, 35], [34, 35], [37, 35], [16, 21], [18, 21], [38, 21], [17, 18], [21, 18], [26, 18], [22, 26], [18, 26], [23, 26], [20, 23], [22, 23], [26, 23], [25, 23], [0, 5], [2, 5], [39, 5], [6, 5], [27, 5], [30, 5], [5, 39], [40, 39], [29, 39], [28, 39], [39, 40], [27, 40], [0, 6], [3, 6], [7, 6], [5, 6], [29, 6], [3, 8], [10, 8], [41, 8], [13, 8], [9, 14], [11, 14], [41, 14], [13, 14], [12, 15], [42, 15], [43, 15], [15, 42], [19, 42], [37, 42], [43, 42], [38, 42], [17, 19], [42, 19], [43, 19], [20, 24], [22, 24], [25, 24], [2, 29], [39, 29], [6, 29], [27, 29], [30, 29], [4, 27], [5, 27], [40, 27], [29, 27], [28, 27], [4, 28], [39, 28], [27, 28], [2, 30], [7, 30], [5, 30], [29, 30], [7, 31], [41, 31], [13, 31], [32, 36], [34, 36], [41, 36], [13, 36], [35, 37], [42, 37], [43, 37], [15, 43], [42, 43], [19, 43], [37, 43], [38, 43], [21, 38], [42, 38], [43, 38], [20, 25], [22, 25], [23, 25], [24, 25], [8, 41], [14, 41], [31, 41], [36, 41], [13, 41], [10, 13], [33, 13], [8, 13], [14, 13], [31, 13], [36, 13], [41, 13]], "labels": {"0": "1", "1": "1", "2": "1", "3": "1", "4": "1", "5": "2", "6": "2", "7": "1", "8": "2", "9": "1", "10": "1", "11": "1", "12": "1", "13": "2", "14": "2", "15": "2", "16": "1", "17": "1", "18": "1", "19": "2", "20": "1", "21": "1", "22": "1", "23": "1", "24": "2", "25": "2", "26": "1", "27": "2", "28": "2", "29": "2", "30": "2", "31": "2", "32": "1", "33": "1", "34": "1", "35": "1", "36": "2", "37": "2", "38": "2", "39": "2", "40": "2", "41": "2", "42": "2", "43": "2"}, "target": 2}