{"edges": [[0, 1], [2, 1], [3, 4], [5, 4], [6, 4], [7, 4], [0, 8], [9, 8], [2, 8], [4, 3], [7, 3], [10, 3], [11, 3], [12, 13], [14, 13], [15, 13], [16, 17], [18, 19], [18, 20], [6, 20], [11, 20], [13, 12], [0, 12], [2, 12], [21, 22], [23, 22], [9, 22], [24, 25], [7, 25], [4, 5], [7, 5], [26, 5], [13, 14], [24, 14], [27, 14], [17, 16], [21, 16], [19, 18], [20, 18], [4, 6], [20, 6], [28, 6], [22, 21], [16, 21], [23, 21], [9, 21], [25, 24], [14, 24], [4, 7], [3, 7], [25, 7], [5, 7], [10, 7], [22, 23], [21, 23], [0, 23], [1, 0], [8, 0], [12, 0], [23, 0], [29, 0], [2, 0], [14, 27], [15, 27], [30, 27], [31, 32], [33, 34], [6, 28], [33, 28], [11, 28], [0, 29], [15, 29], [2, 29], [35, 36], [9, 36], [30, 37], [26, 37], [3, 10], [7, 10], [26, 10], [13, 15], [27, 15], [29, 15], [32, 31], [35, 31], [34, 33], [28, 33], [3, 11], [20, 11], [28, 11], [36, 35], [31, 35], [27, 30], [37, 30], [5, 26], [37, 26], [10, 26], [8, 9], [22, 9], [21, 9], [36, 9], [1, 2], [8, 2], [12, 2], [0, 2], [29, 2]], "labels": {"0": "2", "1": "1", "2": "2", "3": "1", "4": "1", "5": "2", "6": "2", "7": "2", "8": "1", "9": "2", "10": "2", "11": "2", "12": "2", "13": "2", "14": "2", "15": "2", "16": "2", "17": "2", "18": "2", "19": "2", "20": "2", "21": "2", "22": "2", "23": "2", "24": "2", "25": "2", "26": "2", "27": "2", "28": "2", "29": "2", "30": "2", "31": "2", "32": "2", "33": "2", "34": "2", "35": "2", "36": "2", "37": "2"}, "target": 2}