{"edges": [[0, 1], [2, 1], [1, 0], [3, 0], [4, 0], [2, 0], [5, 0], [0, 3], [6, 3], [4, 3], [7, 3], [3, 6], [8, 6], [9, 6], [10, 6], [11, 6], [12, 6], [13, 6], [6, 8], [9, 8], [14, 8], [13, 8], [6, 9], [8, 9], [14, 9], [15, 9], [16, 17], [18, 17], [19, 17], [20, 17], [21, 17], [17, 16], [18, 16], [22, 16], [23, 16], [17, 18], [16, 18], [22, 18], [0, 4], [3, 4], [2, 4], [24, 4], [1, 2], [0, 2], [4, 2], [14, 2], [25, 2], [26, 2], [8, 14], [9, 14], [2, 14], [10, 14], [11, 14], [27, 14], [28, 14], [6, 10], [14, 10], [11, 10], [28, 10], [6, 11], [14, 11], [10, 11], [29, 11], [17, 19], [30, 19], [22, 19], [31, 19], [32, 19], [19, 30], [22, 30], [23, 30], [33, 30], [16, 22], [18, 22], [19, 22], [30, 22], [34, 35], [15, 35], [36, 35], [37, 35], [29, 35], [0, 5], [38, 5], [24, 5], [3, 7], [39, 7], [40, 7], [26, 7], [5, 38], [25, 38], [7, 39], [12, 39], [26, 39], [6, 12], [39, 12], [13, 12], [27, 12], [28, 12], [6, 13], [8, 13], [12, 13], [27, 13], [35, 34], [15, 34], [20, 34], [36, 34], [31, 34], [9, 15], [35, 15], [34, 15], [41, 15], [36, 15], [37, 15], [17, 20], [34, 20], [36, 20], [42, 43], [21, 43], [44, 43], [32, 43], [43, 42], [23, 42], [45, 42], [44, 42], [33, 42], [17, 21], [43, 21], [45, 21], [16, 23], [30, 23], [42, 23], [44, 23], [33, 23], [15, 41], [36, 41], [37, 41], [29, 41], [4, 24], [5, 24], [25, 24], [7, 40], [27, 40], [26, 40], [14, 27], [12, 27], [13, 27], [40, 27], [28, 27], [14, 28], [10, 28], [12, 28], [27, 28], [35, 36], [34, 36], [15, 36], [20, 36], [41, 36], [31, 36], [35, 37], [15, 37], [41, 37], [29, 37], [2, 25], [38, 25], [24, 25], [2, 26], [7, 26], [39, 26], [40, 26], [19, 31], [34, 31], [36, 31], [42, 45], [21, 45], [44, 45], [32, 45], [43, 44], [42, 44], [23, 44], [45, 44], [33, 44], [11, 29], [35, 29], [41, 29], [37, 29], [19, 32], [43, 32], [45, 32], [30, 33], [42, 33], [23, 33], [44, 33]], "labels": {"0": "1", "1": "1", "2": "1", "3": "1", "4": "1", "5": "2", "6": "1", "7": "2", "8": "1", "9": "1", "10": "1", "11": "1", "12": "2", "13": "2", "14": "1", "15": "2", "16": "1", "17": "1", "18": "1", "19": "1", "20": "2", "21": "2", "22": "1", "23": "2", "24": "2", "25": "2", "26": "2", "27": "2", "28": "2", "29": "2", "30": "1", "31": "2", "32": "2", "33": "2", "34": "2", "35": "2", "36": "2", "37": "2", "38": "2", "39": "2", "40": "2", "41": "2", "42": "2", "43": "2", "44": "2", "45": "2"}, "target": 2}