{"edges": [[0, 1], [2, 1], [1, 0], [3, 0], [4, 0], [5, 0], [6, 0], [0, 3], [4, 3], [7, 3], [8, 3], [0, 4], [3, 4], [9, 4], [10, 4], [4, 9], [11, 9], [12, 9], [13, 9], [9, 11], [14, 11], [15, 11], [16, 11], [11, 14], [17, 14], [12, 14], [16, 14], [18, 14], [14, 17], [19, 17], [20, 17], [21, 17], [17, 19], [20, 19], [22, 19], [17, 20], [19, 20], [22, 20], [19, 22], [20, 22], [23, 22], [24, 22], [22, 23], [25, 23], [24, 23], [23, 25], [26, 25], [27, 25], [28, 25], [25, 26], [27, 26], [29, 26], [25, 27], [26, 27], [28, 27], [0, 5], [2, 5], [1, 2], [5, 2], [30, 2], [7, 2], [31, 2], [2, 30], [7, 30], [15, 30], [32, 30], [3, 7], [2, 7], [30, 7], [15, 7], [33, 7], [11, 15], [30, 15], [7, 15], [12, 15], [34, 15], [9, 12], [14, 12], [15, 12], [35, 12], [36, 12], [12, 35], [37, 35], [36, 35], [38, 35], [35, 37], [39, 37], [40, 37], [41, 37], [37, 39], [40, 39], [42, 39], [37, 40], [39, 40], [42, 40], [39, 42], [40, 42], [24, 42], [22, 24], [23, 24], [42, 24], [43, 24], [44, 24], [24, 43], [44, 43], [28, 43], [24, 44], [43, 44], [28, 44], [29, 44], [25, 28], [27, 28], [43, 28], [44, 28], [29, 28], [26, 29], [44, 29], [28, 29], [0, 6], [45, 6], [31, 6], [46, 6], [6, 45], [8, 45], [31, 45], [46, 45], [32, 45], [3, 8], [45, 8], [46, 8], [9, 13], [10, 13], [33, 13], [4, 10], [13, 10], [34, 10], [11, 16], [14, 16], [18, 16], [38, 16], [17, 21], [47, 21], [48, 21], [14, 18], [16, 18], [47, 18], [36, 18], [48, 18], [21, 47], [18, 47], [41, 47], [38, 47], [48, 47], [2, 31], [6, 31], [45, 31], [46, 31], [6, 46], [45, 46], [8, 46], [31, 46], [32, 46], [30, 32], [45, 32], [46, 32], [15, 34], [10, 34], [33, 34], [7, 33], [13, 33], [34, 33], [12, 36], [35, 36], [18, 36], [38, 36], [37, 41], [47, 41], [48, 41], [35, 38], [16, 38], [47, 38], [36, 38], [48, 38], [21, 48], [18, 48], [47, 48], [41, 48], [38, 48]], "labels": {"0": "1", "1": "1", "2": "1", "3": "1", "4": "1", "5": "1", "6": "2", "7": "1", "8": "2", "9": "1", "10": "2", "11": "1", "12": "1", "13": "2", "14": "1", "15": "1", "16": "2", "17": "1", "18": "2", "19": "1", "20": "1", "21": "2", "22": "1", "23": "1", "24": "1", "25": "1", "26": "1", "27": "1", "28": "1", "29": "1", "30": "1", "31": "2", "32": "2", "33": "2", "34": "2", "35": "1", "36": "2", "37": "1", "38": "2", "39": "1", "40": "1", "41": "2", "42": "1", "43": "1", "44": "1", "45": "2", "46": "2", "47": "2", "48": "2"}, "target": 2}