{"edges": [[0, 1], [2, 1], [3, 1], [1, 0], [3, 0], [4, 0], [5, 0], [6, 7], [8, 7], [9, 7], [7, 6], [8, 6], [9, 6], [10, 6], [7, 8], [6, 8], [11, 8], [12, 8], [10, 8], [13, 8], [8, 11], [12, 11], [14, 11], [15, 11], [13, 11], [8, 12], [11, 12], [14, 12], [15, 12], [11, 14], [12, 14], [15, 14], [11, 15], [12, 15], [14, 15], [16, 15], [15, 16], [17, 16], [18, 16], [16, 17], [18, 17], [19, 17], [16, 18], [17, 18], [19, 18], [17, 19], [18, 19], [20, 19], [21, 19], [19, 20], [21, 20], [22, 20], [23, 20], [19, 21], [20, 21], [22, 21], [23, 21], [24, 21], [20, 22], [21, 22], [23, 22], [24, 22], [25, 22], [20, 23], [21, 23], [22, 23], [24, 23], [25, 23], [21, 24], [22, 24], [23, 24], [25, 24], [22, 25], [23, 25], [24, 25], [26, 27], [2, 27], [3, 27], [27, 26], [2, 26], [3, 26], [1, 2], [27, 2], [26, 2], [3, 2], [4, 2], [1, 3], [0, 3], [27, 3], [26, 3], [2, 3], [4, 3], [0, 4], [2, 4], [3, 4], [5, 4], [7, 9], [6, 9], [5, 9], [0, 5], [4, 5], [9, 5], [6, 10], [8, 10], [13, 10], [8, 13], [11, 13], [10, 13]], "labels": {"0": "1", "1": "1", "2": "2", "3": "2", "4": "2", "5": "2", "6": "1", "7": "1", "8": "1", "9": "2", "10": "2", "11": "1", "12": "1", "13": "2", "14": "1", "15": "1", "16": "1", "17": "1", "18": "1", "19": "1", "20": "1", "21": "1", "22": "1", "23": "1", "24": "1", "25": "1", "26": "2", "27": "2"}, "target": 2}