{"edges": [[0, 1], [2, 1], [3, 1], [4, 1], [1, 0], [5, 0], [2, 0], [3, 0], [4, 0], [0, 5], [6, 5], [7, 5], [5, 6], [7, 6], [8, 6], [9, 6], [10, 11], [12, 11], [8, 11], [11, 10], [12, 10], [8, 10], [13, 10], [11, 12], [10, 12], [14, 12], [13, 12], [15, 12], [12, 14], [16, 14], [17, 14], [18, 14], [14, 16], [17, 16], [19, 16], [14, 17], [16, 17], [19, 17], [16, 19], [17, 19], [20, 19], [19, 20], [21, 20], [22, 20], [20, 21], [22, 21], [23, 21], [24, 21], [20, 22], [21, 22], [23, 22], [24, 22], [21, 23], [22, 23], [24, 23], [21, 24], [22, 24], [23, 24], [1, 2], [0, 2], [3, 2], [1, 3], [0, 3], [2, 3], [4, 3], [7, 3], [1, 4], [0, 4], [3, 4], [7, 4], [5, 7], [6, 7], [3, 7], [4, 7], [9, 7], [6, 8], [11, 8], [10, 8], [9, 8], [6, 9], [7, 9], [8, 9], [10, 13], [12, 13], [18, 13], [15, 13], [25, 13], [14, 18], [13, 18], [15, 18], [25, 18], [12, 15], [13, 15], [18, 15], [25, 15], [13, 25], [18, 25], [15, 25]], "labels": {"0": "1", "1": "1", "2": "1", "3": "2", "4": "2", "5": "1", "6": "1", "7": "2", "8": "2", "9": "2", "10": "1", "11": "1", "12": "1", "13": "2", "14": "1", "15": "2", "16": "1", "17": "1", "18": "2", "19": "1", "20": "1", "21": "1", "22": "1", "23": "1", "24": "1", "25": "2"}, "target": 2}