{"edges": [[0, 1], [2, 1], [3, 1], [4, 5], [2, 5], [3, 5], [6, 5], [7, 5], [5, 4], [6, 4], [8, 4], [7, 4], [9, 10], [11, 10], [8, 10], [10, 9], [11, 9], [8, 9], [10, 11], [9, 11], [12, 11], [13, 11], [14, 15], [16, 15], [13, 15], [15, 14], [16, 14], [17, 14], [12, 14], [13, 14], [15, 16], [14, 16], [17, 16], [14, 17], [16, 17], [18, 17], [17, 18], [19, 18], [20, 18], [18, 19], [20, 19], [21, 19], [22, 19], [18, 20], [19, 20], [21, 20], [22, 20], [23, 20], [19, 21], [20, 21], [22, 21], [23, 21], [19, 22], [20, 22], [21, 22], [23, 22], [20, 23], [21, 23], [22, 23], [1, 0], [2, 0], [3, 0], [1, 2], [5, 2], [0, 2], [3, 2], [6, 2], [1, 3], [5, 3], [0, 3], [2, 3], [6, 3], [5, 6], [4, 6], [2, 6], [3, 6], [4, 8], [10, 8], [9, 8], [7, 8], [5, 7], [4, 7], [8, 7], [11, 12], [14, 12], [13, 12], [11, 13], [15, 13], [14, 13], [12, 13]], "labels": {"0": "1", "1": "1", "2": "2", "3": "2", "4": "1", "5": "1", "6": "2", "7": "2", "8": "2", "9": "1", "10": "1", "11": "1", "12": "2", "13": "2", "14": "1", "15": "1", "16": "1", "17": "1", "18": "1", "19": "1", "20": "1", "21": "1", "22": "1", "23": "1"}, "target": 2}