{"edges": [[0, 1], [2, 1], [3, 1], [1, 0], [4, 0], [2, 0], [5, 0], [3, 0], [6, 7], [8, 7], [9, 7], [4, 7], [10, 7], [5, 7], [7, 6], [10, 6], [11, 6], [12, 6], [13, 6], [14, 15], [11, 15], [16, 15], [13, 15], [17, 15], [15, 14], [18, 14], [19, 14], [16, 14], [17, 14], [14, 18], [20, 18], [21, 18], [22, 23], [24, 23], [25, 23], [26, 23], [23, 22], [24, 22], [27, 22], [25, 22], [23, 24], [22, 24], [28, 24], [24, 28], [29, 28], [30, 28], [31, 28], [28, 29], [32, 29], [30, 29], [31, 29], [8, 33], [34, 33], [3, 33], [7, 8], [33, 8], [34, 8], [5, 8], [3, 8], [33, 34], [8, 34], [9, 34], [5, 34], [12, 34], [7, 9], [34, 9], [35, 9], [12, 9], [13, 9], [9, 35], [19, 35], [36, 35], [13, 35], [17, 35], [14, 19], [35, 19], [36, 19], [17, 19], [35, 36], [19, 36], [27, 36], [21, 36], [22, 27], [36, 27], [37, 27], [38, 27], [26, 27], [27, 37], [38, 37], [39, 37], [27, 38], [37, 38], [39, 38], [32, 38], [37, 39], [38, 39], [32, 39], [29, 32], [38, 32], [39, 32], [31, 32], [0, 4], [7, 4], [2, 4], [10, 4], [3, 4], [12, 4], [1, 2], [0, 2], [4, 2], [7, 10], [6, 10], [4, 10], [5, 10], [6, 11], [15, 11], [15, 16], [14, 16], [18, 20], [40, 20], [41, 20], [20, 40], [25, 40], [21, 40], [26, 40], [23, 25], [22, 25], [40, 25], [41, 25], [26, 25], [28, 30], [29, 30], [31, 30], [0, 5], [7, 5], [8, 5], [34, 5], [10, 5], [12, 5], [1, 3], [0, 3], [33, 3], [8, 3], [4, 3], [6, 12], [34, 12], [9, 12], [4, 12], [5, 12], [6, 13], [15, 13], [9, 13], [35, 13], [15, 17], [14, 17], [35, 17], [19, 17], [18, 21], [36, 21], [40, 21], [41, 21], [20, 41], [25, 41], [21, 41], [26, 41], [23, 26], [27, 26], [40, 26], [25, 26], [41, 26], [28, 31], [29, 31], [32, 31], [30, 31]], "labels": {"0": "1", "1": "1", "2": "2", "3": "2", "4": "2", "5": "2", "6": "1", "7": "1", "8": "1", "9": "1", "10": "2", "11": "2", "12": "2", "13": "2", "14": "1", "15": "1", "16": "2", "17": "2", "18": "1", "19": "1", "20": "2", "21": "2", "22": "1", "23": "1", "24": "1", "25": "2", "26": "2", "27": "1", "28": "1", "29": "1", "30": "2", "31": "2", "32": "1", "33": "1", "34": "1", "35": "1", "36": "1", "37": "1", "38": "1", "39": "1", "40": "2", "41": "2"}, "target": 2}