{"edges": [[0, 1], [2, 1], [3, 1], [1, 0], [4, 0], [3, 0], [5, 6], [7, 6], [8, 6], [9, 6], [6, 5], [7, 5], [10, 5], [11, 5], [6, 7], [5, 7], [12, 7], [10, 7], [13, 14], [15, 14], [16, 14], [14, 13], [15, 13], [17, 13], [16, 13], [18, 13], [19, 13], [20, 13], [14, 15], [13, 15], [17, 15], [18, 15], [20, 15], [13, 17], [15, 17], [19, 17], [1, 2], [4, 2], [3, 2], [21, 2], [12, 22], [10, 22], [23, 22], [7, 12], [22, 12], [10, 12], [23, 12], [10, 24], [11, 24], [9, 24], [25, 26], [8, 26], [4, 26], [21, 26], [26, 25], [8, 25], [21, 25], [6, 8], [26, 8], [25, 8], [9, 8], [5, 10], [7, 10], [22, 10], [12, 10], [24, 10], [23, 10], [11, 10], [0, 4], [2, 4], [26, 4], [3, 4], [21, 4], [1, 3], [0, 3], [2, 3], [4, 3], [21, 3], [22, 23], [12, 23], [10, 23], [2, 21], [26, 21], [25, 21], [4, 21], [3, 21], [5, 11], [24, 11], [10, 11], [9, 11], [6, 9], [24, 9], [8, 9], [11, 9], [14, 16], [13, 16], [18, 16], [20, 16], [13, 18], [15, 18], [16, 18], [19, 18], [20, 18], [13, 19], [17, 19], [18, 19], [20, 19], [13, 20], [15, 20], [16, 20], [18, 20], [19, 20]], "labels": {"0": "1", "1": "1", "2": "2", "3": "2", "4": "2", "5": "1", "6": "1", "7": "1", "8": "2", "9": "2", "10": "2", "11": "2", "12": "2", "13": "1", "14": "1", "15": "1", "16": "2", "17": "1", "18": "2", "19": "2", "20": "2", "21": "2", "22": "2", "23": "2", "24": "2", "25": "2", "26": "2"}, "target": 2}