{"edges": [[0, 1], [2, 1], [1, 0], [3, 0], [4, 0], [5, 0], [6, 7], [8, 7], [9, 7], [10, 11], [12, 11], [13, 11], [14, 11], [15, 16], [10, 16], [17, 16], [18, 16], [0, 3], [2, 3], [4, 3], [19, 3], [1, 2], [3, 2], [20, 2], [6, 21], [8, 21], [22, 21], [9, 21], [12, 23], [13, 23], [14, 23], [16, 15], [17, 15], [13, 15], [18, 15], [0, 4], [3, 4], [24, 4], [25, 4], [0, 5], [26, 5], [20, 5], [27, 5], [11, 10], [16, 10], [17, 10], [18, 10], [7, 6], [21, 6], [28, 6], [29, 6], [6, 28], [30, 28], [22, 28], [28, 30], [26, 30], [27, 30], [7, 8], [21, 8], [12, 8], [14, 8], [11, 12], [23, 12], [8, 12], [9, 12], [5, 26], [30, 26], [20, 26], [31, 26], [16, 17], [15, 17], [10, 17], [32, 17], [13, 17], [33, 17], [17, 32], [18, 32], [4, 24], [19, 24], [25, 24], [3, 19], [24, 19], [25, 19], [2, 20], [5, 20], [26, 20], [27, 20], [11, 13], [23, 13], [15, 13], [17, 13], [18, 13], [21, 22], [28, 22], [29, 22], [6, 29], [22, 29], [31, 29], [26, 31], [29, 31], [27, 31], [7, 9], [21, 9], [12, 9], [14, 9], [11, 14], [23, 14], [8, 14], [9, 14], [5, 27], [30, 27], [20, 27], [31, 27], [16, 18], [15, 18], [10, 18], [32, 18], [13, 18], [33, 18], [17, 33], [18, 33], [4, 25], [24, 25], [19, 25]], "labels": {"0": "1", "1": "1", "2": "1", "3": "1", "4": "2", "5": "2", "6": "2", "7": "1", "8": "2", "9": "2", "10": "2", "11": "1", "12": "2", "13": "2", "14": "2", "15": "1", "16": "1", "17": "2", "18": "2", "19": "2", "20": "2", "21": "1", "22": "2", "23": "1", "24": "2", "25": "2", "26": "2", "27": "2", "28": "2", "29": "2", "30": "2", "31": "2", "32": "2", "33": "2"}, "target": 2}