{"edges": [[0, 1], [2, 1], [3, 1], [4, 1], [5, 6], [7, 6], [8, 6], [9, 6], [0, 6], [3, 6], [6, 5], [7, 5], [0, 5], [6, 7], [5, 7], [10, 7], [11, 12], [10, 12], [13, 12], [14, 12], [15, 12], [12, 11], [10, 11], [13, 11], [14, 11], [15, 11], [16, 17], [18, 17], [19, 17], [20, 17], [13, 17], [15, 17], [17, 16], [21, 16], [22, 16], [23, 16], [24, 25], [22, 25], [23, 25], [6, 8], [26, 8], [3, 8], [4, 8], [8, 26], [9, 26], [27, 26], [3, 26], [6, 9], [26, 9], [27, 9], [26, 27], [9, 27], [18, 27], [14, 27], [17, 18], [27, 18], [19, 18], [14, 18], [17, 19], [18, 19], [21, 19], [15, 19], [16, 21], [19, 21], [20, 21], [13, 21], [15, 21], [17, 20], [21, 20], [24, 20], [23, 20], [25, 24], [20, 24], [23, 24], [1, 0], [6, 0], [5, 0], [2, 0], [4, 0], [7, 10], [12, 10], [11, 10], [1, 2], [0, 2], [12, 13], [11, 13], [17, 13], [21, 13], [16, 22], [25, 22], [23, 22], [1, 3], [6, 3], [8, 3], [26, 3], [12, 14], [11, 14], [27, 14], [18, 14], [1, 4], [8, 4], [0, 4], [12, 15], [11, 15], [17, 15], [19, 15], [21, 15], [16, 23], [25, 23], [20, 23], [24, 23], [22, 23]], "labels": {"0": "2", "1": "1", "2": "2", "3": "2", "4": "2", "5": "1", "6": "1", "7": "1", "8": "1", "9": "1", "10": "2", "11": "1", "12": "1", "13": "2", "14": "2", "15": "2", "16": "1", "17": "1", "18": "1", "19": "1", "20": "1", "21": "1", "22": "2", "23": "2", "24": "1", "25": "1", "26": "1", "27": "1"}, "target": 2}