{"edges": [[0, 1], [2, 1], [3, 1], [1, 0], [4, 0], [5, 0], [6, 0], [7, 0], [0, 4], [8, 4], [9, 4], [10, 11], [12, 11], [9, 11], [11, 10], [13, 10], [14, 10], [15, 16], [13, 16], [12, 16], [14, 16], [16, 15], [17, 15], [18, 15], [15, 17], [19, 17], [20, 17], [18, 17], [21, 17], [8, 22], [6, 22], [2, 22], [7, 22], [3, 22], [4, 8], [22, 8], [5, 8], [7, 8], [0, 5], [8, 5], [23, 5], [10, 13], [16, 13], [12, 13], [23, 13], [11, 12], [16, 12], [13, 12], [24, 12], [19, 25], [14, 25], [24, 25], [17, 19], [25, 19], [21, 19], [17, 20], [21, 20], [0, 6], [22, 6], [2, 6], [4, 9], [11, 9], [14, 9], [24, 9], [1, 2], [22, 2], [6, 2], [10, 14], [16, 14], [25, 14], [9, 14], [23, 14], [15, 18], [17, 18], [21, 18], [0, 7], [22, 7], [8, 7], [5, 23], [13, 23], [14, 23], [24, 23], [1, 3], [22, 3], [12, 24], [25, 24], [9, 24], [23, 24], [17, 21], [19, 21], [20, 21], [18, 21]], "labels": {"0": "1", "1": "1", "2": "2", "3": "2", "4": "1", "5": "1", "6": "2", "7": "2", "8": "1", "9": "2", "10": "1", "11": "1", "12": "1", "13": "1", "14": "2", "15": "1", "16": "1", "17": "1", "18": "2", "19": "1", "20": "1", "21": "2", "22": "1", "23": "2", "24": "2", "25": "1"}, "target": 2}