{"edges": [[0, 1], [2, 1], [3, 1], [4, 5], [6, 5], [7, 5], [8, 9], [10, 9], [11, 9], [12, 13], [14, 13], [10, 13], [15, 13], [16, 13], [13, 12], [17, 12], [14, 12], [10, 12], [15, 12], [16, 12], [18, 19], [20, 19], [21, 19], [19, 18], [20, 18], [22, 18], [19, 20], [18, 20], [23, 20], [24, 20], [18, 22], [25, 22], [26, 22], [24, 22], [27, 22], [22, 25], [26, 25], [23, 25], [28, 25], [24, 25], [27, 25], [22, 26], [25, 26], [29, 26], [1, 0], [2, 0], [3, 0], [6, 30], [31, 30], [7, 30], [17, 32], [33, 32], [11, 32], [16, 32], [12, 17], [32, 17], [33, 17], [16, 17], [32, 33], [17, 33], [15, 33], [34, 35], [36, 35], [23, 35], [37, 35], [35, 34], [36, 34], [23, 34], [35, 36], [34, 36], [23, 36], [27, 36], [20, 23], [25, 23], [35, 23], [34, 23], [36, 23], [29, 23], [28, 23], [27, 23], [26, 29], [23, 29], [28, 29], [25, 28], [23, 28], [29, 28], [1, 2], [0, 2], [38, 2], [39, 2], [5, 4], [8, 4], [6, 4], [11, 4], [7, 4], [9, 8], [4, 8], [31, 8], [20, 24], [22, 24], [25, 24], [19, 21], [40, 21], [41, 21], [21, 40], [14, 40], [37, 40], [13, 14], [12, 14], [40, 14], [9, 10], [13, 10], [12, 10], [2, 38], [6, 38], [3, 38], [5, 6], [30, 6], [4, 6], [38, 6], [31, 6], [7, 6], [1, 3], [0, 3], [38, 3], [39, 3], [30, 31], [8, 31], [6, 31], [11, 31], [7, 31], [9, 11], [32, 11], [4, 11], [31, 11], [22, 27], [25, 27], [36, 27], [23, 27], [35, 37], [40, 37], [41, 37], [21, 41], [37, 41], [15, 41], [13, 15], [12, 15], [33, 15], [41, 15], [13, 16], [12, 16], [32, 16], [17, 16], [2, 39], [3, 39], [7, 39], [5, 7], [30, 7], [4, 7], [6, 7], [31, 7], [39, 7]], "labels": {"0": "1", "1": "1", "2": "2", "3": "2", "4": "2", "5": "1", "6": "2", "7": "2", "8": "2", "9": "1", "10": "2", "11": "2", "12": "1", "13": "1", "14": "2", "15": "2", "16": "2", "17": "1", "18": "1", "19": "1", "20": "1", "21": "2", "22": "1", "23": "1", "24": "2", "25": "1", "26": "1", "27": "2", "28": "1", "29": "1", "30": "1", "31": "2", "32": "1", "33": "1", "34": "1", "35": "1", "36": "1", "37": "2", "38": "2", "39": "2", "40": "2", "41": "2"}, "target": 6}