{"edges": [[0, 1], [2, 1], [1, 0], [3, 0], [4, 0], [5, 0], [6, 0], [7, 0], [0, 3], [4, 3], [2, 3], [0, 4], [3, 4], [8, 4], [6, 4], [9, 4], [4, 8], [10, 8], [11, 8], [9, 8], [8, 10], [12, 10], [13, 10], [14, 10], [15, 10], [8, 11], [12, 11], [13, 11], [15, 11], [10, 12], [11, 12], [13, 12], [16, 12], [10, 13], [11, 13], [12, 13], [17, 13], [18, 13], [19, 13], [13, 17], [16, 17], [18, 17], [19, 17], [20, 17], [0, 5], [2, 5], [21, 5], [22, 5], [1, 2], [3, 2], [5, 2], [6, 2], [21, 2], [0, 6], [4, 6], [2, 6], [23, 6], [10, 14], [24, 14], [25, 14], [23, 14], [14, 24], [25, 24], [16, 24], [26, 24], [14, 25], [24, 25], [16, 25], [26, 25], [12, 16], [17, 16], [24, 16], [25, 16], [18, 16], [20, 16], [13, 18], [17, 18], [16, 18], [20, 18], [0, 7], [27, 7], [22, 7], [4, 9], [8, 9], [15, 9], [26, 9], [7, 27], [21, 27], [10, 15], [11, 15], [9, 15], [19, 15], [23, 15], [20, 15], [13, 19], [17, 19], [15, 19], [20, 19], [5, 21], [2, 21], [27, 21], [22, 21], [6, 23], [14, 23], [15, 23], [26, 23], [5, 22], [7, 22], [21, 22], [24, 26], [25, 26], [9, 26], [23, 26], [17, 20], [16, 20], [18, 20], [15, 20], [19, 20]], "labels": {"0": "1", "1": "1", "2": "1", "3": "1", "4": "1", "5": "1", "6": "1", "7": "2", "8": "1", "9": "2", "10": "1", "11": "1", "12": "1", "13": "1", "14": "1", "15": "2", "16": "1", "17": "1", "18": "1", "19": "2", "20": "2", "21": "2", "22": "2", "23": "2", "24": "1", "25": "1", "26": "2", "27": "2"}, "target": 2}