{"edges": [[0, 1], [2, 1], [3, 1], [1, 0], [2, 0], [3, 0], [4, 0], [5, 0], [1, 2], [0, 2], [3, 2], [6, 2], [4, 2], [5, 2], [1, 3], [0, 3], [2, 3], [6, 3], [7, 3], [2, 6], [3, 6], [7, 6], [3, 7], [6, 7], [8, 7], [9, 7], [10, 7], [11, 7], [7, 8], [9, 8], [10, 8], [11, 8], [7, 9], [8, 9], [10, 9], [7, 10], [8, 10], [9, 10], [12, 10], [11, 10], [13, 10], [10, 12], [14, 12], [15, 12], [13, 12], [12, 14], [15, 14], [16, 14], [17, 14], [12, 15], [14, 15], [16, 15], [17, 15], [18, 15], [14, 16], [15, 16], [17, 16], [18, 16], [14, 17], [15, 17], [16, 17], [18, 17], [0, 4], [2, 4], [11, 4], [5, 4], [7, 11], [8, 11], [10, 11], [4, 11], [13, 11], [0, 5], [2, 5], [4, 5], [10, 13], [12, 13], [11, 13], [18, 13], [15, 18], [16, 18], [17, 18], [13, 18]], "labels": {"0": "1", "1": "1", "2": "1", "3": "1", "4": "2", "5": "2", "6": "1", "7": "1", "8": "1", "9": "1", "10": "1", "11": "2", "12": "1", "13": "2", "14": "1", "15": "1", "16": "1", "17": "1", "18": "2"}, "target": 2}