{"edges": [[0, 1], [2, 1], [3, 1], [1, 0], [4, 0], [2, 0], [5, 0], [6, 0], [0, 4], [6, 4], [7, 4], [3, 4], [8, 4], [1, 2], [0, 2], [5, 2], [9, 2], [10, 2], [7, 2], [8, 2], [0, 5], [2, 5], [9, 5], [10, 5], [8, 5], [2, 9], [5, 9], [10, 9], [11, 9], [2, 10], [5, 10], [9, 10], [11, 10], [12, 10], [9, 11], [10, 11], [13, 11], [14, 11], [15, 11], [12, 11], [11, 13], [14, 13], [16, 13], [17, 13], [15, 13], [11, 14], [13, 14], [16, 14], [17, 14], [18, 14], [19, 14], [13, 16], [14, 16], [18, 16], [19, 16], [0, 6], [4, 6], [7, 6], [3, 6], [4, 7], [2, 7], [6, 7], [3, 7], [8, 7], [12, 7], [1, 3], [4, 3], [6, 3], [7, 3], [4, 8], [2, 8], [5, 8], [7, 8], [12, 8], [13, 17], [14, 17], [15, 17], [18, 17], [19, 17], [11, 15], [13, 15], [17, 15], [12, 15], [18, 15], [10, 12], [11, 12], [7, 12], [8, 12], [15, 12], [14, 18], [16, 18], [17, 18], [15, 18], [19, 18], [14, 19], [16, 19], [17, 19], [18, 19]], "labels": {"0": "1", "1": "1", "2": "1", "3": "2", "4": "1", "5": "1", "6": "2", "7": "2", "8": "2", "9": "1", "10": "1", "11": "1", "12": "2", "13": "1", "14": "1", "15": "2", "16": "1", "17": "2", "18": "2", "19": "2"}, "target": 2}