{"edges": [[0, 1], [2, 1], [3, 1], [1, 0], [3, 0], [4, 5], [6, 5], [7, 5], [1, 2], [3, 2], [8, 2], [5, 4], [7, 4], [1, 3], [0, 3], [2, 3], [9, 3], [10, 3], [3, 9], [11, 9], [8, 9], [12, 9], [9, 11], [13, 11], [10, 11], [11, 13], [6, 13], [7, 13], [5, 6], [13, 6], [14, 6], [7, 6], [2, 8], [9, 8], [10, 8], [3, 10], [11, 10], [8, 10], [12, 10], [9, 12], [10, 12], [14, 12], [6, 14], [12, 14], [7, 14], [5, 7], [4, 7], [13, 7], [6, 7], [14, 7]], "labels": {"0": "1", "1": "1", "2": "1", "3": "2", "4": "1", "5": "1", "6": "2", "7": "2", "8": "2", "9": "2", "10": "2", "11": "2", "12": "2", "13": "2", "14": "2"}, "target": 2}