{"edges": [[0, 1], [2, 1], [3, 1], [4, 5], [2, 5], [6, 5], [3, 5], [5, 4], [2, 4], [3, 4], [1, 0], [2, 0], [3, 0], [7, 0], [8, 9], [10, 9], [11, 9], [8, 12], [10, 12], [11, 12], [13, 12], [1, 2], [5, 2], [4, 2], [0, 2], [6, 14], [15, 14], [16, 14], [7, 14], [5, 6], [14, 6], [16, 6], [17, 18], [15, 18], [19, 18], [18, 17], [20, 17], [21, 17], [22, 17], [14, 15], [18, 15], [23, 15], [17, 20], [21, 20], [22, 20], [1, 3], [5, 3], [4, 3], [0, 3], [14, 16], [6, 16], [7, 16], [19, 16], [0, 7], [14, 7], [16, 7], [15, 23], [21, 23], [19, 23], [17, 21], [20, 21], [23, 21], [22, 21], [24, 25], [26, 25], [8, 27], [28, 27], [11, 27], [9, 8], [12, 8], [27, 8], [28, 8], [11, 8], [29, 30], [24, 30], [31, 30], [30, 29], [32, 29], [33, 29], [25, 24], [30, 24], [34, 24], [9, 10], [12, 10], [32, 10], [35, 10], [29, 32], [10, 32], [13, 32], [35, 32], [18, 19], [16, 19], [23, 19], [17, 22], [20, 22], [21, 22], [24, 34], [26, 34], [27, 28], [8, 28], [11, 28], [9, 11], [12, 11], [27, 11], [8, 11], [28, 11], [29, 33], [31, 33], [26, 33], [30, 31], [33, 31], [35, 31], [25, 26], [34, 26], [33, 26], [12, 13], [32, 13], [35, 13], [10, 35], [32, 35], [31, 35], [13, 35]], "labels": {"0": "1", "1": "1", "2": "2", "3": "2", "4": "1", "5": "1", "6": "2", "7": "2", "8": "2", "9": "1", "10": "2", "11": "2", "12": "1", "13": "2", "14": "2", "15": "2", "16": "2", "17": "2", "18": "2", "19": "2", "20": "2", "21": "2", "22": "2", "23": "2", "24": "2", "25": "2", "26": "2", "27": "2", "28": "2", "29": "2", "30": "2", "31": "2", "32": "2", "33": "2", "34": "2", "35": "2"}, "target": 2}