{"edges": [[0, 1], [2, 1], [3, 1], [4, 1], [1, 0], [5, 0], [2, 0], [0, 5], [2, 5], [6, 5], [7, 5], [8, 9], [7, 9], [10, 9], [9, 8], [11, 8], [12, 8], [13, 8], [14, 15], [11, 15], [12, 15], [16, 17], [18, 17], [14, 17], [19, 17], [17, 16], [18, 16], [19, 16], [17, 18], [16, 18], [20, 18], [19, 18], [18, 20], [21, 20], [22, 20], [23, 20], [20, 21], [22, 21], [23, 21], [24, 25], [26, 25], [23, 25], [25, 24], [26, 24], [23, 24], [25, 26], [24, 26], [27, 26], [26, 27], [28, 27], [29, 27], [30, 27], [27, 28], [29, 28], [30, 28], [27, 29], [28, 29], [30, 29], [27, 30], [28, 30], [29, 30], [31, 32], [3, 32], [4, 32], [32, 31], [3, 31], [4, 31], [1, 2], [0, 2], [5, 2], [4, 2], [1, 3], [32, 3], [31, 3], [4, 3], [1, 4], [32, 4], [31, 4], [2, 4], [3, 4], [5, 6], [7, 6], [10, 6], [5, 7], [9, 7], [6, 7], [10, 7], [9, 10], [6, 10], [7, 10], [15, 14], [17, 14], [19, 14], [17, 19], [16, 19], [18, 19], [14, 19], [8, 11], [15, 11], [12, 11], [13, 11], [8, 12], [15, 12], [11, 12], [13, 12], [8, 13], [11, 13], [12, 13], [20, 22], [21, 22], [23, 22], [20, 23], [21, 23], [25, 23], [24, 23], [22, 23]], "labels": {"0": "1", "1": "1", "2": "2", "3": "2", "4": "2", "5": "1", "6": "2", "7": "2", "8": "1", "9": "1", "10": "2", "11": "2", "12": "2", "13": "2", "14": "2", "15": "1", "16": "1", "17": "1", "18": "1", "19": "2", "20": "1", "21": "1", "22": "2", "23": "2", "24": "1", "25": "1", "26": "1", "27": "1", "28": "1", "29": "1", "30": "1", "31": "2", "32": "2"}, "target": 2}