{"edges": [[0, 1], [2, 1], [3, 1], [4, 1], [5, 1], [1, 0], [2, 0], [3, 0], [4, 0], [6, 0], [5, 0], [1, 2], [0, 2], [7, 2], [8, 2], [9, 2], [2, 7], [10, 7], [11, 7], [9, 7], [7, 10], [12, 10], [13, 10], [10, 12], [14, 12], [13, 12], [15, 12], [12, 14], [16, 14], [17, 14], [18, 14], [14, 16], [17, 16], [19, 16], [14, 17], [16, 17], [19, 17], [16, 19], [17, 19], [20, 19], [19, 20], [21, 20], [22, 20], [20, 21], [22, 21], [23, 21], [24, 21], [20, 22], [21, 22], [23, 22], [24, 22], [21, 23], [22, 23], [24, 23], [21, 24], [22, 24], [23, 24], [1, 3], [0, 3], [5, 3], [1, 4], [0, 4], [6, 4], [8, 4], [0, 6], [4, 6], [8, 6], [2, 8], [4, 8], [6, 8], [11, 8], [9, 8], [7, 11], [8, 11], [9, 11], [2, 9], [7, 9], [8, 9], [11, 9], [10, 13], [12, 13], [25, 13], [15, 13], [26, 13], [13, 25], [15, 25], [26, 25], [18, 25], [12, 15], [13, 15], [25, 15], [26, 15], [18, 15], [13, 26], [25, 26], [15, 26], [18, 26], [14, 18], [25, 18], [15, 18], [26, 18], [1, 5], [0, 5], [3, 5]], "labels": {"0": "1", "1": "1", "2": "1", "3": "1", "4": "2", "5": "2", "6": "2", "7": "1", "8": "2", "9": "2", "10": "1", "11": "2", "12": "1", "13": "2", "14": "1", "15": "2", "16": "1", "17": "1", "18": "2", "19": "1", "20": "1", "21": "1", "22": "1", "23": "1", "24": "1", "25": "2", "26": "2"}, "target": 2}