{"edges": [[0, 1], [2, 1], [3, 1], [4, 1], [1, 0], [2, 0], [5, 0], [3, 0], [4, 0], [1, 2], [0, 2], [6, 2], [7, 2], [8, 2], [2, 6], [9, 6], [7, 6], [10, 6], [6, 9], [11, 9], [12, 9], [9, 11], [13, 11], [14, 11], [12, 11], [11, 13], [15, 13], [16, 13], [17, 13], [13, 15], [16, 15], [18, 15], [19, 15], [13, 16], [15, 16], [18, 16], [19, 16], [15, 18], [16, 18], [20, 18], [18, 20], [21, 20], [22, 20], [23, 20], [20, 21], [22, 21], [23, 21], [20, 22], [21, 22], [23, 22], [20, 23], [21, 23], [22, 23], [2, 7], [6, 7], [10, 7], [8, 7], [6, 10], [7, 10], [8, 10], [2, 8], [7, 8], [10, 8], [5, 8], [3, 8], [0, 5], [8, 5], [3, 5], [1, 3], [0, 3], [8, 3], [5, 3], [4, 3], [11, 14], [24, 14], [12, 14], [25, 14], [14, 24], [12, 24], [25, 24], [26, 24], [9, 12], [11, 12], [14, 12], [24, 12], [25, 12], [14, 25], [24, 25], [12, 25], [26, 25], [19, 25], [17, 25], [24, 26], [25, 26], [19, 26], [17, 26], [15, 19], [16, 19], [25, 19], [26, 19], [17, 19], [13, 17], [25, 17], [26, 17], [19, 17], [1, 4], [0, 4], [3, 4]], "labels": {"0": "1", "1": "1", "2": "1", "3": "2", "4": "2", "5": "2", "6": "1", "7": "2", "8": "2", "9": "1", "10": "2", "11": "1", "12": "2", "13": "1", "14": "2", "15": "1", "16": "1", "17": "2", "18": "1", "19": "2", "20": "1", "21": "1", "22": "1", "23": "1", "24": "2", "25": "2", "26": "2"}, "target": 2}