{"edges": [[0, 1], [2, 1], [3, 1], [4, 1], [2, 5], [3, 5], [6, 5], [7, 8], [9, 8], [6, 8], [8, 7], [10, 7], [9, 7], [11, 7], [7, 10], [12, 10], [11, 10], [13, 10], [10, 12], [14, 12], [15, 12], [16, 12], [12, 14], [15, 14], [17, 14], [18, 14], [12, 15], [14, 15], [17, 15], [18, 15], [14, 17], [15, 17], [19, 17], [17, 19], [20, 19], [21, 19], [19, 20], [21, 20], [22, 20], [19, 21], [20, 21], [22, 21], [23, 21], [24, 21], [20, 22], [21, 22], [23, 22], [24, 22], [21, 23], [22, 23], [24, 23], [21, 24], [22, 24], [23, 24], [1, 0], [2, 0], [3, 0], [4, 0], [1, 2], [5, 2], [0, 2], [3, 2], [4, 2], [1, 3], [5, 3], [0, 3], [2, 3], [6, 3], [8, 9], [7, 9], [6, 9], [5, 6], [8, 6], [3, 6], [9, 6], [7, 11], [10, 11], [25, 11], [13, 11], [26, 11], [11, 25], [13, 25], [26, 25], [27, 25], [18, 25], [16, 25], [10, 13], [11, 13], [25, 13], [26, 13], [11, 26], [25, 26], [13, 26], [27, 26], [25, 27], [26, 27], [18, 27], [16, 27], [14, 18], [15, 18], [25, 18], [27, 18], [16, 18], [12, 16], [25, 16], [27, 16], [18, 16], [1, 4], [0, 4], [2, 4]], "labels": {"0": "2", "1": "1", "2": "2", "3": "2", "4": "2", "5": "1", "6": "2", "7": "1", "8": "1", "9": "2", "10": "1", "11": "2", "12": "1", "13": "2", "14": "1", "15": "1", "16": "2", "17": "1", "18": "2", "19": "1", "20": "1", "21": "1", "22": "1", "23": "1", "24": "1", "25": "2", "26": "2", "27": "2"}, "target": 2}