{"edges": [[0, 1], [2, 1], [3, 1], [4, 5], [6, 5], [7, 5], [8, 5], [9, 10], [11, 10], [12, 10], [10, 9], [13, 9], [14, 9], [9, 13], [15, 13], [16, 13], [17, 13], [13, 15], [18, 15], [19, 15], [16, 15], [20, 15], [21, 15], [22, 15], [15, 18], [23, 18], [24, 18], [22, 18], [25, 18], [18, 23], [24, 23], [26, 23], [16, 23], [27, 23], [25, 23], [18, 24], [23, 24], [26, 24], [23, 26], [24, 26], [28, 26], [26, 28], [29, 28], [28, 29], [30, 29], [31, 29], [29, 30], [31, 30], [32, 30], [29, 31], [30, 31], [32, 31], [33, 31], [30, 32], [31, 32], [34, 32], [33, 32], [0, 35], [2, 35], [3, 35], [5, 4], [36, 4], [6, 4], [8, 4], [4, 36], [7, 36], [37, 36], [9, 14], [11, 14], [38, 14], [10, 11], [14, 11], [19, 11], [15, 19], [11, 19], [16, 19], [39, 19], [13, 16], [15, 16], [23, 16], [19, 16], [40, 16], [41, 16], [15, 20], [27, 20], [42, 20], [43, 20], [23, 27], [20, 27], [42, 27], [20, 42], [27, 42], [44, 42], [42, 44], [45, 44], [44, 45], [46, 45], [34, 45], [45, 46], [34, 46], [33, 46], [32, 34], [45, 34], [46, 34], [33, 34], [31, 33], [32, 33], [46, 33], [34, 33], [1, 0], [35, 0], [2, 0], [47, 0], [1, 2], [35, 2], [0, 2], [6, 2], [3, 2], [47, 2], [8, 2], [5, 6], [4, 6], [2, 6], [47, 6], [10, 12], [7, 12], [37, 12], [5, 7], [36, 7], [12, 7], [38, 7], [13, 17], [21, 17], [40, 17], [15, 21], [17, 21], [39, 21], [15, 22], [18, 22], [25, 22], [43, 22], [18, 25], [23, 25], [22, 25], [41, 25], [43, 25], [1, 3], [35, 3], [2, 3], [47, 3], [0, 47], [2, 47], [6, 47], [3, 47], [8, 47], [5, 8], [4, 8], [2, 8], [47, 8], [14, 38], [7, 38], [37, 38], [36, 37], [12, 37], [38, 37], [19, 39], [21, 39], [40, 39], [16, 40], [17, 40], [39, 40], [16, 41], [25, 41], [43, 41], [20, 43], [22, 43], [25, 43], [41, 43]], "labels": {"0": "2", "1": "1", "2": "2", "3": "2", "4": "1", "5": "1", "6": "2", "7": "2", "8": "2", "9": "1", "10": "1", "11": "1", "12": "2", "13": "1", "14": "1", "15": "1", "16": "1", "17": "2", "18": "1", "19": "1", "20": "1", "21": "2", "22": "2", "23": "1", "24": "1", "25": "2", "26": "1", "27": "1", "28": "1", "29": "1", "30": "1", "31": "1", "32": "1", "33": "1", "34": "1", "35": "1", "36": "1", "37": "2", "38": "2", "39": "2", "40": "2", "41": "2", "42": "1", "43": "2", "44": "1", "45": "1", "46": "1", "47": "2"}, "target": 2}