{"edges": [[0, 1], [2, 1], [3, 1], [1, 0], [2, 0], [4, 0], [3, 0], [5, 6], [7, 6], [8, 6], [1, 2], [0, 2], [4, 2], [3, 2], [9, 2], [0, 4], [2, 4], [10, 4], [5, 4], [3, 4], [9, 4], [4, 10], [5, 10], [7, 10], [9, 10], [6, 5], [4, 5], [10, 5], [7, 5], [8, 5], [6, 7], [10, 7], [5, 7], [8, 7], [1, 3], [0, 3], [2, 3], [4, 3], [2, 9], [4, 9], [10, 9], [6, 8], [5, 8], [7, 8]], "labels": {"0": "1", "1": "1", "2": "2", "3": "2", "4": "2", "5": "2", "6": "1", "7": "2", "8": "2", "9": "2", "10": "2"}, "target": 2}