{"edges": [[0, 1], [2, 1], [3, 1], [1, 0], [4, 0], [5, 0], [6, 0], [7, 0], [0, 4], [7, 4], [8, 4], [9, 4], [10, 11], [12, 11], [13, 11], [11, 10], [14, 10], [15, 10], [10, 14], [16, 14], [17, 14], [18, 14], [14, 16], [19, 16], [18, 16], [20, 16], [21, 22], [23, 22], [24, 22], [25, 22], [22, 21], [23, 21], [26, 21], [22, 23], [21, 23], [27, 23], [24, 23], [23, 27], [28, 27], [29, 27], [27, 28], [30, 28], [31, 28], [28, 30], [32, 30], [33, 30], [30, 32], [34, 32], [29, 32], [31, 32], [35, 32], [32, 34], [31, 34], [33, 34], [5, 36], [37, 36], [38, 36], [3, 36], [0, 5], [36, 5], [37, 5], [38, 5], [3, 5], [39, 5], [36, 37], [5, 37], [38, 37], [39, 37], [9, 37], [36, 38], [5, 38], [37, 38], [9, 38], [40, 38], [10, 15], [12, 15], [41, 15], [11, 12], [15, 12], [19, 12], [16, 19], [12, 19], [17, 19], [42, 19], [14, 17], [19, 17], [42, 17], [43, 17], [24, 44], [26, 44], [45, 44], [22, 24], [23, 24], [44, 24], [26, 24], [21, 26], [44, 26], [24, 26], [46, 26], [47, 26], [26, 46], [47, 46], [29, 46], [26, 47], [46, 47], [29, 47], [27, 29], [32, 29], [46, 29], [47, 29], [31, 29], [28, 31], [32, 31], [34, 31], [29, 31], [33, 31], [35, 31], [30, 33], [34, 33], [31, 33], [35, 33], [32, 35], [31, 35], [33, 35], [1, 2], [6, 2], [39, 2], [0, 6], [2, 6], [7, 6], [3, 6], [39, 6], [9, 6], [0, 7], [4, 7], [6, 7], [39, 7], [11, 13], [8, 13], [40, 13], [4, 8], [13, 8], [41, 8], [14, 18], [16, 18], [20, 18], [43, 18], [16, 20], [18, 20], [48, 20], [42, 20], [20, 48], [25, 48], [45, 48], [22, 25], [48, 25], [49, 25], [45, 25], [1, 3], [36, 3], [5, 3], [6, 3], [39, 3], [5, 39], [37, 39], [2, 39], [6, 39], [7, 39], [3, 39], [9, 39], [4, 9], [37, 9], [38, 9], [6, 9], [39, 9], [15, 41], [8, 41], [40, 41], [38, 40], [13, 40], [41, 40], [19, 42], [17, 42], [20, 42], [43, 42], [17, 43], [18, 43], [42, 43], [49, 43], [25, 49], [43, 49], [45, 49], [44, 45], [48, 45], [25, 45], [49, 45]], "labels": {"0": "1", "1": "1", "2": "2", "3": "2", "4": "1", "5": "1", "6": "2", "7": "2", "8": "2", "9": "2", "10": "1", "11": "1", "12": "1", "13": "2", "14": "1", "15": "1", "16": "1", "17": "1", "18": "2", "19": "1", "20": "2", "21": "1", "22": "1", "23": "1", "24": "1", "25": "2", "26": "1", "27": "1", "28": "1", "29": "1", "30": "1", "31": "1", "32": "1", "33": "1", "34": "1", "35": "1", "36": "1", "37": "1", "38": "1", "39": "2", "40": "2", "41": "2", "42": "2", "43": "2", "44": "1", "45": "2", "46": "1", "47": "1", "48": "2", "49": "2"}, "target": 2}