{"edges": [[0, 1], [2, 1], [3, 1], [1, 0], [4, 0], [5, 0], [6, 0], [0, 4], [5, 4], [7, 4], [6, 4], [0, 5], [4, 5], [7, 5], [6, 5], [8, 5], [4, 7], [5, 7], [8, 7], [2, 9], [10, 9], [11, 9], [1, 2], [9, 2], [6, 2], [12, 2], [13, 2], [10, 2], [0, 6], [4, 6], [5, 6], [2, 6], [8, 6], [12, 6], [5, 8], [7, 8], [6, 8], [12, 8], [2, 12], [6, 12], [8, 12], [14, 12], [15, 12], [16, 12], [12, 14], [15, 14], [16, 14], [2, 13], [10, 13], [17, 13], [9, 10], [2, 10], [13, 10], [15, 10], [12, 15], [14, 15], [10, 15], [16, 15], [12, 16], [14, 16], [15, 16], [1, 3], [11, 3], [17, 3], [9, 11], [3, 11], [17, 11], [13, 17], [3, 17], [11, 17]], "labels": {"0": "4", "1": "3", "2": "6", "3": "3", "4": "4", "5": "5", "6": "6", "7": "3", "8": "4", "9": "3", "10": "4", "11": "3", "12": "6", "13": "3", "14": "3", "15": "4", "16": "3", "17": "3"}, "target": 2}