{"edges": [[0, 1], [2, 1], [3, 4], [2, 4], [5, 4], [4, 3], [0, 3], [6, 3], [5, 7], [8, 7], [1, 0], [3, 0], [2, 0], [8, 0], [1, 2], [4, 2], [0, 2], [9, 2], [5, 10], [8, 10], [11, 10], [12, 13], [5, 13], [8, 13], [11, 13], [14, 13], [5, 15], [8, 15], [16, 15], [13, 12], [5, 12], [8, 12], [16, 12], [17, 12], [4, 5], [7, 5], [10, 5], [13, 5], [15, 5], [12, 5], [3, 6], [18, 6], [19, 6], [20, 6], [21, 6], [22, 23], [24, 23], [21, 23], [23, 22], [25, 22], [26, 22], [7, 8], [0, 8], [10, 8], [13, 8], [15, 8], [12, 8], [6, 18], [9, 18], [27, 18], [2, 9], [18, 9], [28, 29], [24, 29], [27, 29], [29, 28], [25, 28], [30, 28], [10, 11], [13, 11], [6, 19], [14, 19], [31, 19], [13, 14], [19, 14], [23, 24], [29, 24], [32, 24], [33, 24], [31, 24], [24, 32], [25, 32], [34, 32], [15, 16], [12, 16], [6, 20], [17, 20], [35, 20], [12, 17], [20, 17], [24, 33], [25, 33], [35, 33], [22, 25], [28, 25], [32, 25], [33, 25], [36, 25], [6, 21], [23, 21], [22, 26], [36, 26], [18, 27], [29, 27], [28, 30], [36, 30], [19, 31], [24, 31], [32, 34], [36, 34], [20, 35], [33, 35], [25, 36], [26, 36], [30, 36], [34, 36]], "labels": {"0": "1", "1": "1", "2": "1", "3": "1", "4": "1", "5": "2", "6": "2", "7": "1", "8": "2", "9": "2", "10": "1", "11": "2", "12": "1", "13": "1", "14": "2", "15": "1", "16": "2", "17": "2", "18": "2", "19": "2", "20": "2", "21": "2", "22": "2", "23": "2", "24": "2", "25": "2", "26": "2", "27": "2", "28": "2", "29": "2", "30": "2", "31": "2", "32": "2", "33": "2", "34": "2", "35": "2", "36": "2"}, "target": 2}