{"edges": [[0, 1], [2, 3], [4, 3], [5, 6], [7, 6], [2, 6], [6, 5], [8, 5], [9, 5], [10, 5], [11, 5], [7, 5], [5, 8], [9, 8], [12, 8], [13, 14], [1, 0], [15, 0], [16, 0], [17, 0], [0, 15], [18, 15], [19, 15], [12, 15], [17, 15], [20, 15], [15, 18], [19, 18], [12, 18], [20, 18], [15, 19], [18, 19], [12, 19], [21, 19], [22, 23], [24, 23], [25, 26], [27, 26], [28, 26], [5, 9], [8, 9], [12, 9], [28, 9], [29, 9], [8, 12], [15, 12], [18, 12], [19, 12], [9, 12], [29, 12], [26, 25], [30, 25], [23, 22], [10, 22], [31, 22], [32, 22], [5, 10], [22, 10], [33, 10], [11, 10], [32, 10], [34, 10], [10, 33], [11, 33], [34, 33], [5, 11], [10, 11], [33, 11], [35, 11], [36, 37], [13, 37], [16, 38], [39, 38], [40, 38], [41, 38], [42, 38], [0, 16], [38, 16], [4, 16], [31, 16], [27, 16], [0, 17], [15, 17], [2, 17], [28, 17], [15, 20], [18, 20], [7, 20], [29, 20], [38, 39], [43, 39], [44, 39], [45, 39], [37, 36], [43, 36], [44, 36], [13, 36], [24, 36], [30, 36], [19, 21], [7, 21], [39, 43], [36, 43], [40, 43], [46, 43], [39, 44], [36, 44], [13, 44], [47, 44], [30, 44], [6, 7], [5, 7], [20, 7], [21, 7], [34, 7], [35, 7], [29, 7], [3, 2], [6, 2], [17, 2], [32, 2], [28, 2], [3, 4], [16, 4], [40, 4], [31, 4], [27, 4], [38, 40], [43, 40], [4, 40], [41, 40], [42, 40], [14, 13], [37, 13], [36, 13], [44, 13], [24, 13], [23, 24], [36, 24], [13, 24], [47, 24], [38, 41], [40, 41], [31, 41], [46, 41], [22, 31], [16, 31], [4, 31], [41, 31], [22, 32], [10, 32], [2, 32], [28, 32], [10, 34], [33, 34], [7, 34], [29, 34], [43, 46], [41, 46], [45, 46], [30, 46], [44, 47], [24, 47], [45, 47], [30, 47], [11, 35], [7, 35], [39, 45], [46, 45], [47, 45], [42, 45], [25, 30], [36, 30], [44, 30], [46, 30], [47, 30], [38, 42], [40, 42], [45, 42], [27, 42], [26, 27], [16, 27], [4, 27], [42, 27], [26, 28], [9, 28], [17, 28], [2, 28], [32, 28], [9, 29], [12, 29], [20, 29], [7, 29], [34, 29]], "labels": {"0": "1", "1": "1", "2": "2", "3": "1", "4": "2", "5": "1", "6": "1", "7": "2", "8": "1", "9": "1", "10": "1", "11": "1", "12": "1", "13": "2", "14": "1", "15": "1", "16": "2", "17": "2", "18": "1", "19": "1", "20": "2", "21": "2", "22": "1", "23": "1", "24": "2", "25": "1", "26": "1", "27": "2", "28": "2", "29": "2", "30": "2", "31": "2", "32": "2", "33": "1", "34": "2", "35": "2", "36": "2", "37": "2", "38": "2", "39": "2", "40": "2", "41": "2", "42": "2", "43": "2", "44": "2", "45": "2", "46": "2", "47": "2"}, "target": 3}