{"edges": [[0, 1], [2, 1], [3, 1], [4, 1], [5, 1], [1, 0], [2, 0], [6, 0], [7, 0], [8, 9], [10, 9], [11, 9], [12, 9], [13, 9], [9, 8], [10, 8], [11, 8], [13, 8], [14, 8], [15, 16], [14, 16], [17, 16], [16, 15], [18, 15], [19, 15], [14, 15], [1, 2], [0, 2], [3, 2], [5, 2], [1, 3], [2, 3], [20, 3], [21, 3], [9, 10], [8, 10], [22, 10], [23, 10], [24, 10], [9, 11], [8, 11], [22, 11], [24, 11], [17, 11], [10, 22], [11, 22], [25, 22], [18, 22], [17, 22], [22, 25], [18, 25], [19, 25], [15, 18], [22, 18], [25, 18], [19, 18], [15, 19], [25, 19], [18, 19], [1, 4], [6, 4], [20, 4], [0, 6], [4, 6], [5, 6], [20, 6], [0, 7], [26, 7], [27, 7], [7, 26], [12, 26], [21, 26], [23, 26], [9, 12], [26, 12], [27, 12], [9, 13], [8, 13], [14, 13], [17, 13], [8, 14], [16, 14], [15, 14], [13, 14], [24, 14], [17, 14], [1, 5], [2, 5], [6, 5], [20, 5], [3, 20], [4, 20], [6, 20], [5, 20], [3, 21], [26, 21], [27, 21], [7, 27], [12, 27], [21, 27], [23, 27], [10, 23], [26, 23], [27, 23], [10, 24], [11, 24], [14, 24], [17, 24], [16, 17], [11, 17], [22, 17], [13, 17], [14, 17], [24, 17]], "labels": {"0": "1", "1": "1", "2": "1", "3": "1", "4": "2", "5": "2", "6": "2", "7": "2", "8": "1", "9": "1", "10": "1", "11": "1", "12": "2", "13": "2", "14": "2", "15": "1", "16": "1", "17": "2", "18": "1", "19": "1", "20": "2", "21": "2", "22": "1", "23": "2", "24": "2", "25": "1", "26": "2", "27": "2"}, "target": 3}