{"edges": [[0, 1], [2, 1], [1, 0], [3, 0], [4, 0], [5, 0], [6, 7], [8, 7], [9, 7], [10, 7], [11, 12], [13, 12], [9, 12], [12, 11], [14, 11], [15, 11], [16, 17], [14, 17], [15, 17], [17, 16], [18, 16], [19, 16], [16, 18], [20, 18], [21, 18], [22, 18], [18, 20], [23, 20], [24, 20], [20, 23], [22, 23], [24, 23], [0, 3], [2, 3], [1, 2], [3, 2], [4, 2], [5, 2], [7, 6], [9, 6], [25, 6], [10, 6], [12, 13], [10, 13], [15, 13], [21, 26], [14, 26], [15, 26], [18, 21], [26, 21], [19, 21], [16, 19], [21, 19], [22, 19], [18, 22], [23, 22], [19, 22], [24, 22], [20, 24], [23, 24], [22, 24], [0, 4], [2, 4], [27, 4], [28, 4], [4, 27], [8, 27], [5, 27], [25, 27], [7, 8], [27, 8], [28, 8], [7, 9], [12, 9], [6, 9], [10, 9], [11, 14], [17, 14], [26, 14], [15, 14], [0, 5], [2, 5], [27, 5], [28, 5], [4, 28], [8, 28], [5, 28], [25, 28], [6, 25], [27, 25], [28, 25], [7, 10], [6, 10], [13, 10], [9, 10], [11, 15], [17, 15], [13, 15], [26, 15], [14, 15]], "labels": {"0": "1", "1": "1", "2": "1", "3": "1", "4": "2", "5": "2", "6": "1", "7": "1", "8": "2", "9": "2", "10": "2", "11": "1", "12": "1", "13": "1", "14": "2", "15": "2", "16": "1", "17": "1", "18": "1", "19": "1", "20": "1", "21": "1", "22": "1", "23": "1", "24": "1", "25": "2", "26": "1", "27": "2", "28": "2"}, "target": 3}