{"edges": [[0, 1], [2, 1], [3, 4], [0, 4], [2, 4], [5, 4], [6, 4], [7, 8], [9, 8], [10, 8], [11, 12], [9, 12], [13, 12], [14, 12], [15, 16], [17, 16], [18, 16], [19, 16], [20, 21], [17, 21], [19, 21], [21, 20], [22, 20], [23, 20], [20, 22], [24, 22], [25, 22], [26, 22], [22, 24], [27, 24], [23, 24], [28, 24], [24, 27], [26, 27], [28, 27], [0, 29], [2, 29], [6, 29], [4, 3], [2, 3], [6, 3], [30, 3], [12, 11], [13, 11], [31, 11], [14, 11], [25, 32], [17, 32], [19, 32], [22, 25], [32, 25], [23, 25], [20, 23], [24, 23], [25, 23], [26, 23], [22, 26], [27, 26], [23, 26], [28, 26], [24, 28], [27, 28], [26, 28], [1, 0], [4, 0], [29, 0], [2, 0], [6, 0], [1, 2], [4, 2], [29, 2], [3, 2], [0, 2], [16, 15], [13, 15], [17, 15], [19, 15], [4, 5], [7, 5], [10, 5], [8, 7], [5, 7], [9, 7], [30, 7], [31, 7], [8, 9], [12, 9], [7, 9], [10, 9], [12, 13], [11, 13], [15, 13], [14, 13], [16, 17], [21, 17], [32, 17], [15, 17], [18, 17], [19, 17], [4, 6], [29, 6], [3, 6], [0, 6], [16, 18], [17, 18], [14, 18], [19, 18], [3, 30], [7, 30], [10, 30], [8, 10], [5, 10], [9, 10], [30, 10], [31, 10], [11, 31], [7, 31], [10, 31], [12, 14], [11, 14], [13, 14], [18, 14], [16, 19], [21, 19], [32, 19], [15, 19], [17, 19], [18, 19]], "labels": {"0": "2", "1": "1", "2": "2", "3": "1", "4": "1", "5": "2", "6": "2", "7": "2", "8": "1", "9": "2", "10": "2", "11": "1", "12": "1", "13": "2", "14": "2", "15": "2", "16": "1", "17": "2", "18": "2", "19": "2", "20": "1", "21": "1", "22": "1", "23": "1", "24": "1", "25": "1", "26": "1", "27": "1", "28": "1", "29": "1", "30": "2", "31": "2", "32": "1"}, "target": 3}