{"edges": [[0, 1], [2, 1], [3, 4], [5, 4], [6, 4], [7, 8], [9, 8], [10, 8], [7, 11], [12, 11], [10, 11], [12, 13], [14, 13], [15, 13], [16, 17], [18, 17], [14, 17], [19, 17], [17, 16], [20, 16], [21, 16], [16, 20], [22, 20], [18, 20], [23, 20], [20, 22], [21, 22], [23, 22], [0, 24], [2, 24], [3, 25], [5, 25], [26, 25], [7, 27], [9, 27], [10, 27], [28, 27], [12, 29], [10, 29], [15, 29], [30, 31], [12, 31], [15, 31], [19, 31], [31, 30], [18, 30], [14, 30], [19, 30], [17, 18], [20, 18], [30, 18], [21, 18], [16, 21], [22, 21], [18, 21], [23, 21], [20, 23], [22, 23], [21, 23], [4, 3], [25, 3], [0, 3], [2, 3], [5, 3], [1, 0], [24, 0], [3, 0], [2, 0], [5, 0], [1, 2], [24, 2], [3, 2], [0, 2], [5, 2], [4, 5], [25, 5], [3, 5], [0, 5], [2, 5], [4, 6], [32, 6], [33, 6], [6, 32], [34, 32], [26, 32], [33, 32], [35, 32], [32, 34], [9, 34], [33, 34], [28, 34], [8, 7], [11, 7], [27, 7], [9, 7], [10, 7], [28, 7], [11, 12], [13, 12], [29, 12], [31, 12], [8, 9], [27, 9], [34, 9], [7, 9], [13, 14], [17, 14], [30, 14], [19, 14], [25, 26], [32, 26], [33, 26], [6, 33], [32, 33], [34, 33], [26, 33], [35, 33], [32, 35], [33, 35], [28, 35], [8, 10], [11, 10], [27, 10], [29, 10], [7, 10], [13, 15], [29, 15], [31, 15], [27, 28], [34, 28], [7, 28], [35, 28], [17, 19], [31, 19], [30, 19], [14, 19]], "labels": {"0": "2", "1": "1", "2": "2", "3": "2", "4": "1", "5": "2", "6": "2", "7": "2", "8": "1", "9": "2", "10": "2", "11": "1", "12": "2", "13": "1", "14": "2", "15": "2", "16": "1", "17": "1", "18": "1", "19": "2", "20": "1", "21": "1", "22": "1", "23": "1", "24": "1", "25": "1", "26": "2", "27": "1", "28": "2", "29": "1", "30": "1", "31": "1", "32": "2", "33": "2", "34": "2", "35": "2"}, "target": 3}