{"edges": [[0, 1], [2, 1], [1, 0], [3, 0], [4, 0], [5, 6], [7, 6], [8, 6], [9, 6], [6, 5], [10, 5], [11, 5], [12, 5], [5, 10], [13, 10], [14, 10], [12, 10], [0, 3], [2, 3], [1, 2], [3, 2], [4, 2], [15, 2], [8, 16], [9, 16], [17, 16], [18, 16], [6, 7], [8, 7], [11, 7], [19, 7], [20, 7], [10, 13], [14, 13], [20, 13], [0, 4], [2, 4], [21, 4], [22, 4], [4, 21], [23, 21], [15, 21], [24, 21], [21, 23], [9, 23], [22, 23], [18, 23], [6, 8], [16, 8], [7, 8], [11, 8], [19, 8], [5, 11], [7, 11], [8, 11], [17, 11], [19, 11], [10, 14], [13, 14], [12, 14], [20, 14], [6, 9], [16, 9], [23, 9], [24, 9], [5, 12], [10, 12], [14, 12], [20, 12], [2, 15], [21, 15], [22, 15], [4, 22], [23, 22], [15, 22], [24, 22], [21, 24], [9, 24], [22, 24], [18, 24], [16, 17], [11, 17], [19, 17], [7, 19], [8, 19], [11, 19], [17, 19], [16, 18], [23, 18], [24, 18], [7, 20], [13, 20], [14, 20], [12, 20]], "labels": {"0": "1", "1": "1", "2": "1", "3": "1", "4": "2", "5": "1", "6": "1", "7": "1", "8": "2", "9": "2", "10": "1", "11": "2", "12": "2", "13": "1", "14": "2", "15": "2", "16": "1", "17": "2", "18": "2", "19": "2", "20": "2", "21": "2", "22": "2", "23": "2", "24": "2"}, "target": 3}