{"edges": [[0, 1], [2, 1], [3, 1], [1, 0], [2, 0], [3, 0], [1, 2], [0, 2], [3, 2], [1, 3], [0, 3], [2, 3], [4, 3], [3, 4], [5, 4], [6, 4], [4, 5], [6, 5], [7, 5], [4, 6], [5, 6], [7, 6], [5, 7], [6, 7], [8, 7], [9, 7], [7, 8], [10, 8], [11, 8], [12, 8], [8, 10], [11, 10], [13, 10], [9, 10], [12, 10], [8, 11], [10, 11], [13, 11], [9, 11], [12, 11], [10, 13], [11, 13], [14, 13], [15, 13], [16, 13], [13, 14], [15, 14], [16, 14], [13, 15], [14, 15], [16, 15], [13, 16], [14, 16], [15, 16], [17, 16], [18, 19], [20, 19], [21, 19], [19, 18], [22, 18], [23, 18], [18, 22], [23, 22], [24, 22], [18, 23], [22, 23], [24, 23], [22, 24], [23, 24], [25, 24], [26, 24], [27, 24], [24, 25], [28, 25], [29, 25], [27, 25], [25, 28], [29, 28], [30, 28], [26, 28], [27, 28], [25, 29], [28, 29], [30, 29], [28, 30], [29, 30], [31, 30], [32, 30], [33, 34], [35, 34], [36, 34], [34, 33], [35, 33], [37, 33], [38, 33], [39, 33], [34, 35], [33, 35], [37, 35], [38, 35], [39, 35], [33, 37], [35, 37], [39, 37], [7, 9], [10, 9], [11, 9], [12, 9], [8, 12], [10, 12], [11, 12], [9, 12], [16, 17], [20, 17], [40, 17], [21, 17], [19, 20], [17, 20], [40, 20], [21, 20], [17, 40], [20, 40], [21, 40], [19, 21], [17, 21], [20, 21], [40, 21], [24, 26], [28, 26], [27, 26], [24, 27], [25, 27], [28, 27], [26, 27], [30, 31], [32, 31], [36, 31], [30, 32], [31, 32], [36, 32], [34, 36], [31, 36], [32, 36], [38, 36], [33, 38], [35, 38], [36, 38], [39, 38], [33, 39], [35, 39], [37, 39], [38, 39]], "labels": {"0": "1", "1": "1", "2": "1", "3": "1", "4": "1", "5": "1", "6": "1", "7": "1", "8": "1", "9": "2", "10": "1", "11": "1", "12": "2", "13": "1", "14": "1", "15": "1", "16": "1", "17": "2", "18": "1", "19": "1", "20": "2", "21": "2", "22": "1", "23": "1", "24": "1", "25": "1", "26": "2", "27": "2", "28": "1", "29": "1", "30": "1", "31": "2", "32": "2", "33": "1", "34": "1", "35": "1", "36": "2", "37": "1", "38": "2", "39": "2", "40": "2"}, "target": 3}