{"edges": [[0, 1], [2, 1], [1, 0], [3, 0], [4, 0], [5, 6], [7, 6], [8, 6], [9, 6], [6, 5], [7, 5], [10, 5], [11, 5], [12, 5], [13, 5], [14, 5], [6, 7], [5, 7], [10, 7], [15, 7], [5, 10], [7, 10], [13, 10], [16, 10], [15, 10], [0, 3], [2, 3], [1, 2], [3, 2], [17, 2], [5, 11], [12, 11], [18, 11], [19, 11], [5, 12], [11, 12], [13, 12], [20, 12], [21, 12], [5, 13], [10, 13], [12, 13], [22, 13], [21, 13], [0, 4], [23, 4], [24, 4], [4, 23], [25, 23], [17, 23], [24, 23], [26, 23], [23, 25], [9, 25], [24, 25], [19, 25], [6, 8], [14, 8], [20, 8], [5, 14], [8, 14], [18, 14], [10, 16], [15, 16], [21, 16], [6, 9], [25, 9], [26, 9], [7, 15], [10, 15], [16, 15], [22, 15], [21, 15], [2, 17], [23, 17], [24, 17], [4, 24], [23, 24], [25, 24], [17, 24], [26, 24], [23, 26], [9, 26], [24, 26], [19, 26], [11, 18], [14, 18], [20, 18], [12, 20], [8, 20], [18, 20], [13, 22], [15, 22], [21, 22], [11, 19], [25, 19], [26, 19], [12, 21], [13, 21], [16, 21], [15, 21], [22, 21]], "labels": {"0": "1", "1": "1", "2": "1", "3": "1", "4": "2", "5": "1", "6": "1", "7": "1", "8": "2", "9": "2", "10": "1", "11": "1", "12": "1", "13": "1", "14": "2", "15": "2", "16": "2", "17": "2", "18": "2", "19": "2", "20": "2", "21": "2", "22": "2", "23": "2", "24": "2", "25": "2", "26": "2"}, "target": 3}