{"edges": [[0, 1], [2, 1], [3, 4], [5, 4], [6, 4], [7, 8], [9, 8], [5, 8], [10, 8], [11, 8], [8, 7], [12, 7], [13, 7], [14, 7], [5, 7], [10, 7], [7, 12], [9, 12], [15, 16], [17, 16], [2, 16], [6, 16], [16, 15], [13, 15], [18, 15], [6, 15], [10, 15], [7, 13], [15, 13], [9, 13], [17, 13], [10, 13], [8, 9], [12, 9], [13, 9], [14, 9], [7, 14], [9, 14], [19, 14], [0, 20], [2, 20], [21, 20], [22, 20], [23, 24], [25, 24], [3, 24], [6, 24], [22, 24], [11, 24], [24, 23], [25, 23], [26, 23], [11, 23], [24, 25], [23, 25], [26, 25], [23, 26], [25, 26], [15, 18], [17, 18], [27, 18], [28, 18], [16, 17], [13, 17], [18, 17], [29, 17], [30, 17], [28, 17], [31, 17], [17, 29], [30, 29], [19, 29], [31, 29], [17, 30], [29, 30], [19, 30], [14, 19], [29, 19], [30, 19], [1, 0], [20, 0], [32, 0], [3, 0], [0, 32], [33, 32], [32, 33], [4, 3], [24, 3], [0, 3], [4, 5], [8, 5], [7, 5], [31, 5], [1, 2], [16, 2], [20, 2], [34, 2], [2, 34], [35, 34], [34, 35], [4, 6], [16, 6], [15, 6], [24, 6], [8, 10], [7, 10], [15, 10], [13, 10], [31, 10], [20, 21], [36, 21], [21, 36], [37, 36], [36, 37], [20, 22], [24, 22], [8, 11], [24, 11], [23, 11], [31, 11], [18, 27], [38, 27], [27, 38], [39, 38], [38, 39], [18, 28], [17, 28], [17, 31], [29, 31], [5, 31], [10, 31], [11, 31]], "labels": {"0": "2", "1": "1", "2": "2", "3": "2", "4": "1", "5": "2", "6": "2", "7": "1", "8": "1", "9": "1", "10": "2", "11": "2", "12": "1", "13": "1", "14": "1", "15": "1", "16": "1", "17": "1", "18": "1", "19": "1", "20": "1", "21": "2", "22": "2", "23": "1", "24": "1", "25": "1", "26": "1", "27": "2", "28": "2", "29": "1", "30": "1", "31": "2", "32": "2", "33": "2", "34": "2", "35": "2", "36": "2", "37": "2", "38": "2", "39": "2"}, "target": 3}