{"edges": [[0, 1], [2, 1], [3, 1], [1, 0], [4, 0], [5, 0], [2, 0], [3, 0], [6, 0], [0, 4], [5, 4], [7, 4], [6, 4], [0, 5], [4, 5], [7, 5], [8, 5], [4, 7], [5, 7], [8, 7], [9, 7], [5, 8], [7, 8], [9, 8], [7, 9], [8, 9], [10, 9], [11, 9], [12, 9], [9, 10], [11, 10], [12, 10], [9, 11], [10, 11], [12, 11], [13, 11], [9, 12], [10, 12], [11, 12], [13, 12], [14, 12], [1, 2], [0, 2], [3, 2], [6, 2], [1, 3], [0, 3], [2, 3], [6, 3], [0, 6], [4, 6], [2, 6], [3, 6], [11, 13], [12, 13], [14, 13], [15, 13], [16, 13], [12, 14], [13, 14], [15, 14], [16, 14], [17, 14], [13, 15], [14, 15], [16, 15], [17, 15], [13, 16], [14, 16], [15, 16], [17, 16], [14, 17], [15, 17], [16, 17]], "labels": {"0": "1", "1": "1", "2": "2", "3": "2", "4": "1", "5": "1", "6": "2", "7": "1", "8": "1", "9": "1", "10": "1", "11": "1", "12": "1", "13": "2", "14": "2", "15": "2", "16": "2", "17": "2"}, "target": 3}