{"edges": [[0, 1], [2, 1], [3, 1], [1, 0], [4, 0], [5, 0], [6, 0], [7, 0], [0, 4], [5, 4], [6, 4], [0, 5], [4, 5], [6, 5], [8, 5], [0, 6], [4, 6], [5, 6], [8, 6], [9, 6], [5, 8], [6, 8], [9, 8], [10, 8], [11, 8], [6, 9], [8, 9], [10, 9], [11, 9], [8, 10], [9, 10], [11, 10], [12, 10], [8, 11], [9, 11], [10, 11], [13, 11], [12, 11], [2, 14], [7, 14], [3, 14], [1, 2], [14, 2], [7, 2], [3, 2], [13, 15], [16, 15], [17, 15], [12, 15], [18, 15], [11, 13], [15, 13], [16, 13], [12, 13], [0, 7], [14, 7], [2, 7], [3, 7], [1, 3], [14, 3], [2, 3], [7, 3], [15, 16], [13, 16], [17, 16], [12, 16], [18, 16], [15, 17], [16, 17], [18, 17], [10, 12], [11, 12], [15, 12], [13, 12], [16, 12], [15, 18], [16, 18], [17, 18]], "labels": {"0": "1", "1": "1", "2": "2", "3": "2", "4": "1", "5": "1", "6": "1", "7": "2", "8": "1", "9": "1", "10": "1", "11": "1", "12": "2", "13": "2", "14": "2", "15": "2", "16": "2", "17": "2", "18": "2"}, "target": 3}