{"edges": [[0, 1], [2, 1], [3, 1], [1, 0], [4, 0], [5, 0], [6, 0], [3, 0], [0, 4], [5, 4], [7, 4], [8, 4], [0, 5], [4, 5], [7, 5], [9, 5], [4, 7], [5, 7], [9, 7], [10, 7], [5, 9], [7, 9], [10, 9], [7, 10], [9, 10], [11, 10], [12, 10], [13, 10], [10, 11], [12, 11], [13, 11], [10, 12], [11, 12], [13, 12], [14, 12], [10, 13], [11, 13], [12, 13], [15, 13], [14, 13], [4, 8], [16, 8], [17, 8], [6, 8], [8, 16], [2, 16], [17, 16], [6, 16], [3, 16], [1, 2], [16, 2], [6, 2], [3, 2], [15, 18], [19, 18], [20, 18], [14, 18], [21, 18], [13, 15], [18, 15], [19, 15], [14, 15], [8, 17], [16, 17], [6, 17], [0, 6], [8, 6], [16, 6], [2, 6], [17, 6], [3, 6], [1, 3], [0, 3], [16, 3], [2, 3], [6, 3], [18, 19], [15, 19], [20, 19], [14, 19], [21, 19], [18, 20], [19, 20], [21, 20], [12, 14], [13, 14], [18, 14], [15, 14], [19, 14], [18, 21], [19, 21], [20, 21]], "labels": {"0": "1", "1": "1", "2": "2", "3": "2", "4": "1", "5": "1", "6": "2", "7": "1", "8": "2", "9": "1", "10": "1", "11": "1", "12": "1", "13": "1", "14": "2", "15": "2", "16": "2", "17": "2", "18": "2", "19": "2", "20": "2", "21": "2"}, "target": 3}