{"edges": [[0, 1], [2, 1], [3, 1], [1, 0], [2, 0], [4, 0], [5, 0], [1, 2], [0, 2], [4, 2], [3, 2], [0, 4], [2, 4], [3, 4], [6, 4], [7, 4], [8, 4], [9, 10], [11, 10], [3, 10], [10, 9], [11, 9], [12, 9], [10, 11], [9, 11], [12, 11], [7, 11], [9, 12], [11, 12], [7, 12], [13, 12], [0, 5], [3, 5], [6, 5], [1, 3], [2, 3], [4, 3], [10, 3], [5, 3], [6, 3], [7, 3], [4, 6], [5, 6], [3, 6], [7, 6], [4, 7], [11, 7], [12, 7], [3, 7], [6, 7], [14, 7], [15, 16], [17, 16], [18, 16], [16, 15], [19, 15], [20, 15], [21, 15], [22, 15], [23, 15], [15, 19], [8, 19], [13, 19], [14, 19], [4, 8], [19, 8], [14, 8], [15, 20], [17, 20], [16, 17], [20, 17], [21, 17], [15, 21], [17, 21], [13, 21], [12, 13], [19, 13], [21, 13], [14, 13], [15, 22], [18, 22], [16, 18], [22, 18], [23, 18], [15, 23], [18, 23], [14, 23], [7, 14], [19, 14], [8, 14], [13, 14], [23, 14]], "labels": {"0": "1", "1": "1", "2": "1", "3": "1", "4": "1", "5": "1", "6": "1", "7": "1", "8": "2", "9": "1", "10": "1", "11": "1", "12": "1", "13": "2", "14": "2", "15": "2", "16": "2", "17": "2", "18": "2", "19": "2", "20": "2", "21": "2", "22": "2", "23": "2"}, "target": 3}