{"edges": [[0, 1], [2, 1], [3, 1], [4, 1], [1, 0], [5, 0], [2, 0], [6, 0], [3, 0], [7, 0], [4, 0], [0, 5], [2, 5], [4, 5], [1, 2], [0, 2], [5, 2], [6, 2], [0, 6], [2, 6], [8, 6], [9, 6], [10, 6], [6, 8], [9, 8], [7, 8], [10, 8], [6, 9], [8, 9], [11, 9], [12, 9], [1, 3], [0, 3], [4, 3], [11, 13], [14, 13], [12, 13], [0, 7], [8, 7], [11, 7], [14, 7], [10, 7], [9, 11], [13, 11], [7, 11], [14, 11], [10, 11], [12, 11], [13, 14], [7, 14], [11, 14], [10, 14], [12, 14], [1, 4], [0, 4], [5, 4], [3, 4], [6, 10], [8, 10], [7, 10], [11, 10], [14, 10], [9, 12], [13, 12], [11, 12], [14, 12]], "labels": {"0": "1", "1": "1", "2": "1", "3": "2", "4": "2", "5": "1", "6": "1", "7": "2", "8": "1", "9": "1", "10": "2", "11": "2", "12": "2", "13": "2", "14": "2"}, "target": 3}