{"edges": [[0, 1], [2, 1], [3, 1], [4, 1], [1, 0], [3, 0], [4, 0], [5, 0], [1, 2], [3, 2], [4, 2], [1, 3], [0, 3], [2, 3], [6, 3], [7, 3], [3, 6], [8, 6], [9, 6], [6, 8], [10, 8], [5, 8], [8, 10], [11, 10], [12, 10], [10, 11], [13, 11], [12, 11], [3, 7], [4, 7], [1, 4], [0, 4], [2, 4], [7, 4], [0, 5], [8, 5], [9, 5], [6, 9], [5, 9], [13, 9], [11, 13], [9, 13], [12, 13], [10, 12], [11, 12], [13, 12]], "labels": {"0": "1", "1": "1", "2": "2", "3": "2", "4": "2", "5": "2", "6": "2", "7": "2", "8": "2", "9": "2", "10": "2", "11": "2", "12": "2", "13": "2"}, "target": 3}