{"edges": [[0, 1], [2, 1], [3, 1], [1, 0], [2, 0], [4, 0], [5, 0], [1, 2], [0, 2], [4, 2], [3, 2], [0, 4], [2, 4], [3, 4], [6, 4], [7, 4], [8, 4], [9, 10], [11, 10], [3, 10], [10, 9], [11, 9], [12, 9], [10, 11], [9, 11], [12, 11], [3, 11], [9, 12], [11, 12], [7, 12], [13, 12], [0, 5], [3, 5], [6, 5], [1, 3], [2, 3], [4, 3], [10, 3], [11, 3], [5, 3], [6, 3], [7, 3], [4, 6], [5, 6], [3, 6], [7, 6], [4, 7], [12, 7], [3, 7], [6, 7], [14, 7], [4, 8], [15, 8], [16, 8], [13, 8], [17, 8], [14, 8], [8, 15], [18, 15], [19, 15], [20, 15], [16, 15], [21, 15], [22, 15], [17, 15], [15, 18], [23, 18], [24, 18], [19, 18], [20, 18], [21, 18], [22, 18], [18, 23], [24, 23], [19, 23], [18, 24], [23, 24], [19, 24], [15, 19], [18, 19], [23, 19], [24, 19], [20, 19], [15, 20], [18, 20], [19, 20], [16, 20], [8, 16], [15, 16], [20, 16], [13, 16], [14, 16], [12, 13], [8, 13], [16, 13], [14, 13], [15, 21], [18, 21], [22, 21], [15, 22], [18, 22], [21, 22], [17, 22], [8, 17], [15, 17], [22, 17], [14, 17], [7, 14], [8, 14], [16, 14], [13, 14], [17, 14]], "labels": {"0": "1", "1": "1", "2": "1", "3": "1", "4": "1", "5": "1", "6": "1", "7": "1", "8": "2", "9": "1", "10": "1", "11": "1", "12": "1", "13": "2", "14": "2", "15": "2", "16": "2", "17": "2", "18": "2", "19": "2", "20": "2", "21": "2", "22": "2", "23": "2", "24": "2"}, "target": 3}