{"edges": [[0, 1], [2, 1], [3, 1], [1, 0], [4, 0], [3, 0], [0, 4], [2, 4], [5, 4], [6, 4], [7, 4], [8, 4], [9, 10], [11, 10], [12, 10], [10, 9], [13, 9], [11, 9], [14, 9], [9, 13], [11, 13], [14, 13], [2, 15], [3, 15], [12, 15], [1, 2], [4, 2], [15, 2], [16, 2], [3, 2], [12, 2], [2, 16], [5, 16], [17, 16], [18, 19], [5, 19], [20, 19], [17, 19], [19, 18], [21, 18], [22, 18], [23, 18], [24, 18], [18, 21], [25, 21], [26, 21], [27, 21], [28, 21], [29, 21], [30, 21], [21, 25], [31, 25], [32, 25], [33, 25], [34, 25], [35, 25], [30, 25], [25, 31], [35, 31], [18, 22], [14, 22], [6, 22], [21, 26], [32, 26], [7, 26], [25, 32], [26, 32], [36, 32], [21, 27], [33, 27], [36, 27], [25, 33], [27, 33], [35, 33], [18, 23], [17, 23], [8, 23], [21, 28], [34, 28], [37, 28], [25, 34], [28, 34], [38, 34], [21, 29], [35, 29], [38, 29], [25, 35], [31, 35], [33, 35], [29, 35], [1, 3], [0, 3], [15, 3], [2, 3], [4, 5], [16, 5], [19, 5], [6, 5], [7, 5], [8, 5], [19, 20], [24, 20], [7, 20], [37, 20], [18, 24], [20, 24], [30, 24], [21, 30], [25, 30], [24, 30], [38, 30], [10, 11], [9, 11], [13, 11], [14, 11], [9, 14], [13, 14], [22, 14], [11, 14], [4, 6], [22, 6], [5, 6], [7, 6], [4, 7], [26, 7], [5, 7], [20, 7], [6, 7], [36, 7], [32, 36], [27, 36], [7, 36], [38, 36], [10, 12], [15, 12], [2, 12], [16, 17], [19, 17], [23, 17], [4, 8], [23, 8], [5, 8], [37, 8], [28, 37], [20, 37], [8, 37], [38, 37], [34, 38], [29, 38], [30, 38], [36, 38], [37, 38]], "labels": {"0": "1", "1": "1", "2": "1", "3": "3", "4": "1", "5": "3", "6": "3", "7": "3", "8": "3", "9": "1", "10": "1", "11": "3", "12": "3", "13": "1", "14": "3", "15": "1", "16": "1", "17": "3", "18": "2", "19": "2", "20": "3", "21": "2", "22": "2", "23": "2", "24": "3", "25": "2", "26": "2", "27": "2", "28": "2", "29": "2", "30": "3", "31": "2", "32": "2", "33": "2", "34": "2", "35": "2", "36": "3", "37": "3", "38": "3"}, "target": 3}