{"edges": [[0, 1], [2, 1], [3, 1], [1, 0], [2, 0], [4, 0], [5, 0], [1, 2], [0, 2], [4, 2], [3, 2], [0, 4], [2, 4], [3, 4], [6, 4], [7, 4], [8, 9], [10, 9], [3, 9], [9, 8], [10, 8], [9, 10], [8, 10], [11, 10], [12, 10], [13, 10], [10, 11], [3, 11], [6, 11], [12, 11], [0, 5], [3, 5], [6, 5], [1, 3], [2, 3], [4, 3], [9, 3], [11, 3], [5, 3], [6, 3], [12, 3], [4, 6], [11, 6], [5, 6], [3, 6], [12, 6], [10, 12], [11, 12], [3, 12], [6, 12], [14, 12], [4, 7], [15, 7], [7, 15], [16, 15], [13, 15], [14, 15], [15, 16], [17, 16], [18, 16], [19, 16], [20, 16], [21, 16], [16, 17], [22, 17], [23, 17], [24, 17], [25, 17], [26, 17], [17, 22], [26, 22], [10, 13], [15, 13], [18, 13], [16, 18], [13, 18], [23, 18], [17, 23], [18, 23], [19, 23], [16, 19], [23, 19], [24, 19], [17, 24], [19, 24], [26, 24], [12, 14], [15, 14], [20, 14], [16, 20], [14, 20], [25, 20], [17, 25], [20, 25], [21, 25], [16, 21], [25, 21], [26, 21], [17, 26], [22, 26], [24, 26], [21, 26]], "labels": {"0": "1", "1": "1", "2": "1", "3": "1", "4": "1", "5": "1", "6": "1", "7": "2", "8": "1", "9": "1", "10": "1", "11": "1", "12": "1", "13": "2", "14": "2", "15": "2", "16": "2", "17": "2", "18": "2", "19": "2", "20": "2", "21": "2", "22": "2", "23": "2", "24": "2", "25": "2", "26": "2"}, "target": 3}