{"edges": [[0, 1], [2, 1], [3, 1], [1, 0], [2, 0], [4, 0], [5, 0], [1, 2], [0, 2], [4, 2], [3, 2], [0, 4], [2, 4], [6, 4], [3, 4], [7, 4], [8, 4], [9, 4], [10, 11], [6, 11], [3, 11], [11, 10], [6, 10], [12, 10], [4, 6], [11, 6], [10, 6], [12, 6], [10, 12], [6, 12], [8, 12], [13, 12], [0, 5], [3, 5], [7, 5], [1, 3], [2, 3], [4, 3], [11, 3], [5, 3], [7, 3], [8, 3], [4, 7], [5, 7], [3, 7], [8, 7], [4, 8], [12, 8], [3, 8], [7, 8], [14, 8], [15, 16], [17, 16], [16, 15], [18, 15], [19, 15], [20, 15], [17, 15], [21, 15], [22, 15], [15, 18], [23, 18], [13, 18], [19, 18], [20, 18], [24, 18], [25, 18], [18, 23], [9, 23], [13, 23], [14, 23], [4, 9], [23, 9], [13, 9], [14, 9], [12, 13], [18, 13], [23, 13], [9, 13], [19, 13], [25, 13], [14, 13], [15, 19], [18, 19], [13, 19], [20, 19], [22, 19], [15, 20], [18, 20], [19, 20], [17, 20], [24, 20], [16, 17], [15, 17], [20, 17], [21, 17], [15, 21], [17, 21], [24, 21], [18, 24], [20, 24], [21, 24], [22, 24], [15, 22], [19, 22], [24, 22], [25, 22], [18, 25], [13, 25], [22, 25], [14, 25], [8, 14], [23, 14], [9, 14], [13, 14], [25, 14]], "labels": {"0": "1", "1": "1", "2": "1", "3": "1", "4": "1", "5": "1", "6": "1", "7": "1", "8": "1", "9": "2", "10": "1", "11": "1", "12": "1", "13": "2", "14": "2", "15": "2", "16": "2", "17": "2", "18": "2", "19": "2", "20": "2", "21": "2", "22": "2", "23": "2", "24": "2", "25": "2"}, "target": 3}