{"edges": [[0, 1], [2, 1], [1, 0], [3, 0], [4, 0], [5, 0], [0, 3], [4, 3], [2, 3], [6, 3], [7, 3], [0, 4], [3, 4], [2, 4], [1, 2], [3, 2], [4, 2], [8, 2], [5, 9], [6, 9], [10, 9], [11, 9], [0, 5], [9, 5], [6, 5], [8, 5], [12, 13], [14, 13], [15, 13], [12, 16], [17, 16], [18, 16], [19, 16], [20, 16], [3, 6], [9, 6], [5, 6], [10, 6], [13, 12], [16, 12], [17, 12], [16, 17], [12, 17], [21, 17], [19, 17], [3, 7], [22, 7], [13, 14], [22, 14], [15, 14], [23, 14], [16, 18], [24, 18], [25, 18], [24, 26], [27, 26], [28, 26], [7, 22], [14, 22], [13, 15], [14, 15], [23, 15], [18, 24], [26, 24], [29, 24], [26, 27], [30, 27], [28, 27], [9, 10], [6, 10], [8, 10], [14, 23], [15, 23], [19, 23], [31, 23], [17, 21], [20, 21], [29, 21], [2, 8], [5, 8], [10, 8], [16, 19], [17, 19], [23, 19], [20, 19], [16, 20], [21, 20], [19, 20], [9, 11], [32, 11], [32, 33], [31, 33], [24, 29], [21, 29], [25, 29], [27, 30], [25, 30], [28, 30], [11, 32], [33, 32], [23, 31], [33, 31], [18, 25], [29, 25], [30, 25], [26, 28], [27, 28], [30, 28]], "labels": {"0": "1", "1": "1", "2": "1", "3": "1", "4": "1", "5": "2", "6": "2", "7": "2", "8": "2", "9": "1", "10": "2", "11": "2", "12": "2", "13": "2", "14": "2", "15": "2", "16": "2", "17": "2", "18": "2", "19": "2", "20": "2", "21": "2", "22": "2", "23": "2", "24": "2", "25": "2", "26": "2", "27": "2", "28": "2", "29": "2", "30": "2", "31": "2", "32": "2", "33": "2"}, "target": 3}