{"edges": [[0, 1], [2, 1], [1, 0], [2, 0], [3, 0], [4, 0], [1, 2], [0, 2], [5, 2], [3, 2], [6, 2], [5, 7], [4, 7], [8, 7], [2, 5], [7, 5], [3, 5], [4, 5], [8, 5], [0, 3], [2, 3], [5, 3], [9, 3], [0, 4], [7, 4], [5, 4], [6, 4], [2, 6], [4, 6], [10, 6], [8, 6], [11, 6], [6, 10], [12, 10], [9, 10], [13, 10], [10, 12], [14, 12], [11, 12], [15, 12], [12, 14], [16, 14], [13, 14], [17, 14], [14, 16], [15, 16], [17, 16], [7, 8], [5, 8], [6, 8], [3, 9], [10, 9], [11, 9], [6, 11], [12, 11], [9, 11], [13, 11], [10, 13], [14, 13], [11, 13], [15, 13], [12, 15], [16, 15], [13, 15], [17, 15], [14, 17], [16, 17], [15, 17]], "labels": {"0": "1", "1": "1", "2": "1", "3": "1", "4": "2", "5": "1", "6": "2", "7": "1", "8": "2", "9": "2", "10": "2", "11": "2", "12": "2", "13": "2", "14": "2", "15": "2", "16": "2", "17": "2"}, "target": 3}