{"edges": [[0, 1], [2, 1], [1, 0], [3, 0], [2, 0], [4, 0], [5, 0], [0, 3], [2, 3], [4, 3], [6, 3], [1, 2], [0, 2], [3, 2], [4, 2], [6, 2], [7, 2], [0, 4], [3, 4], [2, 4], [7, 4], [8, 9], [10, 9], [9, 8], [11, 8], [12, 8], [13, 8], [8, 11], [5, 11], [10, 11], [14, 11], [0, 5], [11, 5], [13, 5], [14, 5], [7, 5], [3, 6], [2, 6], [7, 6], [8, 12], [10, 12], [9, 10], [11, 10], [12, 10], [13, 10], [8, 13], [5, 13], [10, 13], [14, 13], [11, 14], [5, 14], [13, 14], [7, 14], [2, 7], [4, 7], [5, 7], [6, 7], [14, 7]], "labels": {"0": "1", "1": "1", "2": "1", "3": "1", "4": "2", "5": "2", "6": "2", "7": "2", "8": "2", "9": "2", "10": "2", "11": "2", "12": "2", "13": "2", "14": "2"}, "target": 3}