{"edges": [[0, 1], [2, 1], [3, 1], [4, 5], [6, 5], [7, 5], [8, 5], [2, 5], [9, 5], [5, 4], [10, 4], [11, 4], [8, 4], [4, 10], [12, 10], [13, 10], [14, 10], [10, 12], [13, 12], [15, 12], [14, 12], [16, 17], [18, 17], [19, 17], [15, 17], [17, 16], [20, 16], [21, 16], [22, 16], [23, 16], [16, 20], [19, 20], [23, 20], [24, 20], [25, 26], [27, 26], [28, 26], [24, 26], [26, 25], [27, 25], [28, 25], [26, 27], [25, 27], [29, 27], [30, 27], [31, 27], [32, 27], [27, 29], [28, 29], [32, 29], [33, 29], [5, 6], [7, 6], [3, 6], [9, 6], [5, 7], [6, 7], [11, 7], [34, 7], [35, 7], [9, 7], [4, 11], [7, 11], [34, 11], [35, 11], [7, 34], [11, 34], [18, 34], [14, 34], [17, 18], [34, 18], [21, 18], [36, 18], [14, 18], [16, 21], [18, 21], [19, 21], [36, 21], [17, 19], [20, 19], [21, 19], [22, 19], [37, 19], [16, 22], [19, 22], [37, 22], [38, 22], [27, 30], [31, 30], [28, 30], [38, 30], [27, 31], [30, 31], [28, 31], [26, 28], [25, 28], [29, 28], [30, 28], [31, 28], [32, 28], [27, 32], [29, 32], [28, 32], [39, 32], [1, 0], [2, 0], [9, 0], [10, 13], [12, 13], [15, 13], [36, 13], [5, 8], [4, 8], [2, 8], [9, 8], [1, 2], [5, 2], [0, 2], [8, 2], [3, 2], [35, 2], [16, 23], [20, 23], [24, 23], [38, 23], [20, 24], [26, 24], [23, 24], [37, 24], [38, 24], [12, 15], [17, 15], [13, 15], [36, 15], [14, 15], [18, 36], [21, 36], [13, 36], [15, 36], [14, 36], [29, 33], [40, 33], [41, 33], [33, 40], [42, 40], [39, 40], [43, 40], [40, 42], [41, 42], [43, 42], [1, 3], [6, 3], [2, 3], [9, 3], [10, 14], [12, 14], [34, 14], [18, 14], [15, 14], [36, 14], [7, 35], [11, 35], [2, 35], [9, 35], [5, 9], [6, 9], [7, 9], [0, 9], [8, 9], [3, 9], [35, 9], [19, 37], [22, 37], [24, 37], [38, 37], [22, 38], [30, 38], [23, 38], [24, 38], [37, 38], [32, 39], [40, 39], [41, 39], [33, 41], [42, 41], [39, 41], [43, 41], [40, 43], [42, 43], [41, 43]], "labels": {"0": "2", "1": "1", "2": "2", "3": "2", "4": "1", "5": "1", "6": "1", "7": "1", "8": "2", "9": "2", "10": "1", "11": "1", "12": "1", "13": "2", "14": "2", "15": "2", "16": "1", "17": "1", "18": "1", "19": "1", "20": "1", "21": "1", "22": "1", "23": "2", "24": "2", "25": "1", "26": "1", "27": "1", "28": "1", "29": "1", "30": "1", "31": "1", "32": "1", "33": "2", "34": "1", "35": "2", "36": "2", "37": "2", "38": "2", "39": "2", "40": "2", "41": "2", "42": "2", "43": "2"}, "target": 6}