{"edges": [[0, 1], [2, 1], [3, 1], [4, 1], [5, 6], [7, 6], [8, 6], [9, 6], [10, 11], [12, 11], [13, 11], [0, 11], [11, 10], [12, 10], [13, 10], [0, 10], [2, 10], [11, 12], [10, 12], [13, 12], [4, 12], [14, 12], [11, 13], [10, 13], [12, 13], [15, 13], [16, 13], [17, 13], [18, 13], [19, 13], [13, 15], [16, 15], [17, 15], [19, 15], [20, 15], [13, 16], [15, 16], [17, 16], [20, 16], [21, 16], [13, 17], [15, 17], [16, 17], [21, 17], [22, 23], [5, 23], [7, 23], [23, 22], [24, 22], [5, 22], [7, 22], [22, 24], [25, 24], [9, 24], [26, 24], [24, 25], [27, 25], [28, 25], [29, 25], [25, 27], [30, 27], [31, 27], [29, 27], [32, 27], [27, 30], [31, 30], [32, 30], [33, 30], [27, 31], [30, 31], [33, 31], [1, 0], [11, 0], [10, 0], [2, 0], [3, 0], [1, 2], [10, 2], [0, 2], [3, 2], [1, 3], [0, 3], [2, 3], [4, 3], [14, 3], [18, 3], [1, 4], [12, 4], [3, 4], [14, 4], [12, 14], [3, 14], [4, 14], [18, 14], [19, 14], [13, 18], [3, 18], [14, 18], [19, 18], [20, 18], [21, 18], [13, 19], [15, 19], [14, 19], [18, 19], [20, 19], [21, 19], [15, 20], [16, 20], [18, 20], [19, 20], [21, 20], [16, 21], [17, 21], [18, 21], [19, 21], [20, 21], [6, 5], [23, 5], [22, 5], [7, 5], [6, 7], [23, 7], [22, 7], [5, 7], [8, 7], [6, 8], [7, 8], [9, 8], [26, 8], [28, 8], [6, 9], [24, 9], [8, 9], [26, 9], [24, 26], [8, 26], [9, 26], [28, 26], [29, 26], [25, 28], [8, 28], [26, 28], [29, 28], [32, 28], [25, 29], [27, 29], [26, 29], [28, 29], [32, 29], [27, 32], [30, 32], [28, 32], [29, 32], [33, 32], [30, 33], [31, 33], [32, 33]], "labels": {"0": "3", "1": "1", "2": "3", "3": "3", "4": "3", "5": "3", "6": "1", "7": "3", "8": "3", "9": "3", "10": "2", "11": "2", "12": "2", "13": "2", "14": "3", "15": "2", "16": "2", "17": "2", "18": "3", "19": "3", "20": "3", "21": "3", "22": "2", "23": "2", "24": "2", "25": "2", "26": "3", "27": "2", "28": "3", "29": "3", "30": "2", "31": "2", "32": "3", "33": "3"}, "target": 3}