{"edges": [[0, 1], [2, 1], [3, 1], [1, 0], [2, 0], [3, 0], [4, 5], [2, 5], [6, 5], [3, 5], [5, 4], [2, 4], [6, 4], [3, 4], [7, 8], [9, 8], [10, 8], [1, 2], [0, 2], [5, 2], [4, 2], [3, 2], [7, 11], [12, 11], [13, 11], [9, 11], [8, 7], [11, 7], [13, 7], [9, 7], [10, 7], [11, 12], [6, 12], [13, 12], [5, 6], [4, 6], [12, 6], [1, 3], [0, 3], [5, 3], [4, 3], [2, 3], [11, 13], [7, 13], [12, 13], [8, 9], [11, 9], [7, 9], [10, 9], [8, 10], [7, 10], [9, 10]], "labels": {"0": "1", "1": "1", "2": "2", "3": "2", "4": "1", "5": "1", "6": "2", "7": "2", "8": "1", "9": "2", "10": "2", "11": "2", "12": "2", "13": "2"}, "target": 3}