{"edges": [[0, 1], [2, 1], [3, 1], [1, 0], [2, 0], [3, 0], [2, 4], [5, 4], [3, 4], [1, 2], [0, 2], [4, 2], [5, 2], [3, 2], [6, 7], [8, 7], [5, 7], [9, 7], [10, 7], [11, 7], [7, 6], [9, 6], [10, 6], [11, 6], [7, 8], [5, 8], [9, 8], [4, 5], [2, 5], [7, 5], [8, 5], [3, 5], [9, 5], [1, 3], [0, 3], [4, 3], [2, 3], [5, 3], [7, 9], [6, 9], [8, 9], [5, 9], [7, 10], [6, 10], [11, 10], [7, 11], [6, 11], [10, 11]], "labels": {"0": "1", "1": "1", "2": "2", "3": "2", "4": "1", "5": "2", "6": "2", "7": "2", "8": "2", "9": "2", "10": "2", "11": "2"}, "target": 3}