{"edges": [[0, 1], [2, 1], [1, 0], [3, 0], [4, 0], [5, 0], [6, 7], [4, 7], [5, 7], [7, 6], [8, 6], [9, 6], [0, 3], [2, 3], [1, 2], [3, 2], [4, 2], [5, 2], [10, 2], [11, 12], [4, 12], [5, 12], [13, 12], [12, 11], [9, 11], [0, 4], [7, 4], [2, 4], [12, 4], [5, 4], [14, 15], [16, 15], [17, 15], [16, 18], [19, 18], [20, 18], [21, 18], [22, 18], [15, 14], [8, 14], [16, 14], [9, 14], [6, 8], [14, 8], [17, 8], [0, 5], [7, 5], [2, 5], [12, 5], [4, 5], [15, 16], [18, 16], [14, 16], [17, 16], [18, 19], [20, 19], [23, 19], [22, 19], [18, 20], [19, 20], [22, 20], [2, 10], [13, 10], [17, 24], [25, 24], [19, 23], [25, 23], [21, 23], [15, 17], [8, 17], [16, 17], [24, 17], [9, 17], [6, 9], [11, 9], [14, 9], [17, 9], [12, 13], [10, 13], [24, 25], [23, 25], [18, 21], [23, 21], [22, 21], [18, 22], [19, 22], [20, 22], [21, 22]], "labels": {"0": "1", "1": "1", "2": "1", "3": "1", "4": "2", "5": "2", "6": "1", "7": "1", "8": "2", "9": "2", "10": "2", "11": "1", "12": "1", "13": "2", "14": "2", "15": "2", "16": "2", "17": "2", "18": "2", "19": "2", "20": "2", "21": "2", "22": "2", "23": "2", "24": "2", "25": "2"}, "target": 3}