{"edges": [[0, 1], [2, 1], [3, 1], [4, 5], [6, 5], [7, 5], [8, 5], [5, 4], [9, 4], [10, 4], [7, 4], [11, 4], [12, 4], [4, 9], [13, 9], [14, 9], [10, 9], [11, 9], [0, 15], [2, 15], [3, 15], [9, 13], [14, 13], [10, 13], [8, 13], [16, 13], [9, 14], [13, 14], [10, 14], [16, 14], [12, 14], [4, 10], [9, 10], [13, 10], [14, 10], [12, 10], [5, 6], [17, 6], [18, 6], [6, 17], [19, 17], [8, 17], [20, 17], [17, 19], [2, 19], [18, 19], [5, 7], [4, 7], [11, 7], [12, 7], [4, 11], [9, 11], [7, 11], [16, 11], [1, 0], [15, 0], [2, 0], [21, 0], [1, 2], [15, 2], [19, 2], [0, 2], [3, 2], [21, 2], [5, 8], [13, 8], [17, 8], [18, 8], [6, 18], [19, 18], [8, 18], [20, 18], [17, 20], [18, 20], [21, 20], [13, 16], [14, 16], [11, 16], [12, 16], [4, 12], [14, 12], [10, 12], [7, 12], [16, 12], [1, 3], [15, 3], [2, 3], [21, 3], [0, 21], [2, 21], [20, 21], [3, 21]], "labels": {"0": "2", "1": "1", "2": "2", "3": "2", "4": "1", "5": "1", "6": "2", "7": "2", "8": "2", "9": "1", "10": "1", "11": "2", "12": "2", "13": "1", "14": "1", "15": "1", "16": "2", "17": "2", "18": "2", "19": "2", "20": "2", "21": "2"}, "target": 3}