{"edges": [[0, 1], [2, 1], [3, 1], [1, 0], [2, 0], [3, 0], [4, 0], [1, 2], [0, 2], [3, 2], [5, 2], [1, 3], [0, 3], [2, 3], [6, 3], [7, 3], [5, 3], [8, 3], [3, 6], [7, 6], [9, 6], [10, 6], [3, 7], [6, 7], [9, 7], [10, 7], [6, 9], [7, 9], [11, 9], [12, 9], [13, 14], [15, 14], [16, 14], [14, 13], [17, 13], [18, 13], [13, 17], [19, 17], [20, 17], [17, 19], [21, 19], [20, 19], [22, 23], [24, 23], [25, 23], [26, 23], [23, 22], [24, 22], [25, 22], [23, 24], [22, 24], [25, 24], [8, 24], [23, 25], [22, 25], [24, 25], [27, 25], [28, 25], [5, 25], [8, 25], [25, 27], [28, 27], [11, 27], [29, 27], [25, 28], [27, 28], [11, 28], [29, 28], [9, 11], [27, 11], [28, 11], [30, 11], [11, 30], [12, 30], [31, 30], [13, 18], [15, 18], [32, 18], [14, 15], [18, 15], [21, 15], [19, 21], [15, 21], [20, 21], [17, 20], [19, 20], [21, 20], [33, 34], [35, 34], [34, 33], [4, 33], [36, 33], [26, 33], [0, 4], [33, 4], [35, 4], [9, 12], [30, 12], [37, 12], [12, 37], [16, 37], [31, 37], [32, 37], [14, 16], [37, 16], [38, 16], [2, 5], [3, 5], [25, 5], [10, 5], [29, 5], [6, 10], [7, 10], [5, 10], [8, 10], [29, 10], [33, 36], [35, 36], [34, 35], [4, 35], [36, 35], [26, 35], [23, 26], [33, 26], [35, 26], [30, 31], [37, 31], [38, 31], [16, 38], [31, 38], [32, 38], [18, 32], [37, 32], [38, 32], [3, 8], [24, 8], [25, 8], [10, 8], [29, 8], [27, 29], [28, 29], [5, 29], [10, 29], [8, 29]], "labels": {"0": "1", "1": "1", "2": "1", "3": "1", "4": "2", "5": "2", "6": "1", "7": "1", "8": "2", "9": "1", "10": "2", "11": "1", "12": "2", "13": "1", "14": "1", "15": "1", "16": "2", "17": "1", "18": "1", "19": "1", "20": "1", "21": "1", "22": "1", "23": "1", "24": "1", "25": "1", "26": "2", "27": "1", "28": "1", "29": "2", "30": "1", "31": "2", "32": "2", "33": "2", "34": "2", "35": "2", "36": "2", "37": "2", "38": "2"}, "target": 3}