{"edges": [[0, 1], [2, 1], [3, 1], [1, 0], [2, 0], [3, 0], [4, 0], [1, 2], [0, 2], [3, 2], [1, 3], [0, 3], [2, 3], [5, 6], [7, 6], [8, 6], [6, 5], [9, 5], [7, 5], [8, 5], [10, 5], [11, 5], [5, 9], [10, 9], [11, 9], [12, 13], [14, 13], [4, 13], [13, 12], [11, 12], [14, 12], [4, 12], [6, 7], [5, 7], [8, 7], [6, 8], [5, 8], [7, 8], [10, 8], [5, 10], [9, 10], [8, 10], [11, 10], [5, 11], [9, 11], [12, 11], [10, 11], [13, 14], [12, 14], [4, 14], [0, 4], [13, 4], [12, 4], [14, 4]], "labels": {"0": "1", "1": "1", "2": "1", "3": "1", "4": "2", "5": "2", "6": "2", "7": "2", "8": "2", "9": "2", "10": "2", "11": "2", "12": "2", "13": "2", "14": "2"}, "target": 3}