{"edges": [[0, 1], [2, 1], [3, 1], [1, 0], [2, 0], [3, 0], [4, 0], [1, 2], [0, 2], [3, 2], [5, 2], [4, 2], [1, 3], [0, 3], [2, 3], [5, 3], [4, 3], [2, 5], [3, 5], [6, 5], [4, 5], [7, 8], [9, 8], [10, 8], [6, 8], [8, 7], [11, 7], [9, 7], [10, 7], [7, 11], [9, 11], [12, 11], [13, 14], [12, 14], [15, 14], [16, 14], [14, 13], [17, 13], [15, 13], [16, 13], [13, 17], [16, 17], [18, 17], [19, 20], [21, 20], [22, 20], [20, 19], [23, 19], [24, 19], [19, 23], [25, 23], [24, 23], [26, 23], [27, 23], [23, 25], [27, 25], [28, 25], [29, 30], [31, 30], [28, 30], [30, 29], [31, 29], [28, 29], [8, 9], [7, 9], [11, 9], [10, 9], [6, 9], [8, 10], [7, 10], [9, 10], [6, 10], [5, 6], [8, 6], [9, 6], [10, 6], [11, 12], [14, 12], [15, 12], [0, 4], [2, 4], [3, 4], [5, 4], [14, 15], [13, 15], [12, 15], [14, 16], [13, 16], [17, 16], [18, 16], [32, 16], [17, 18], [16, 18], [32, 18], [21, 18], [22, 18], [16, 32], [18, 32], [21, 32], [22, 32], [20, 21], [18, 21], [32, 21], [22, 21], [20, 22], [18, 22], [32, 22], [21, 22], [19, 24], [23, 24], [26, 24], [27, 24], [23, 26], [24, 26], [27, 26], [30, 31], [29, 31], [28, 31], [23, 27], [25, 27], [24, 27], [26, 27], [28, 27], [25, 28], [30, 28], [29, 28], [31, 28], [27, 28]], "labels": {"0": "1", "1": "1", "2": "1", "3": "1", "4": "2", "5": "1", "6": "2", "7": "1", "8": "1", "9": "2", "10": "2", "11": "1", "12": "2", "13": "1", "14": "1", "15": "2", "16": "2", "17": "1", "18": "2", "19": "1", "20": "1", "21": "2", "22": "2", "23": "1", "24": "2", "25": "1", "26": "2", "27": "2", "28": "2", "29": "1", "30": "1", "31": "2", "32": "2"}, "target": 6}