{"edges": [[0, 1], [2, 1], [3, 1], [1, 0], [4, 0], [2, 0], [3, 0], [5, 0], [6, 7], [8, 7], [9, 7], [7, 6], [10, 6], [11, 6], [12, 6], [8, 6], [6, 10], [11, 10], [12, 10], [6, 11], [10, 11], [13, 11], [14, 11], [12, 11], [11, 13], [15, 13], [14, 13], [13, 15], [16, 15], [17, 15], [15, 16], [17, 16], [18, 16], [15, 17], [16, 17], [19, 17], [20, 17], [18, 17], [17, 19], [20, 19], [21, 19], [18, 19], [17, 20], [19, 20], [21, 20], [22, 20], [18, 20], [19, 21], [20, 21], [23, 21], [22, 21], [21, 23], [22, 23], [24, 23], [25, 26], [27, 26], [28, 26], [29, 26], [30, 26], [11, 14], [13, 14], [12, 14], [6, 12], [10, 12], [11, 12], [14, 12], [8, 12], [0, 4], [2, 4], [5, 4], [9, 4], [1, 2], [0, 2], [4, 2], [3, 2], [1, 3], [0, 3], [2, 3], [20, 22], [21, 22], [23, 22], [18, 22], [16, 18], [17, 18], [19, 18], [20, 18], [22, 18], [7, 8], [6, 8], [12, 8], [9, 8], [0, 5], [4, 5], [9, 5], [7, 9], [4, 9], [8, 9], [5, 9], [23, 24], [31, 24], [25, 24], [24, 31], [25, 31], [29, 31], [26, 25], [24, 25], [31, 25], [29, 25], [26, 27], [28, 27], [30, 27], [26, 28], [27, 28], [29, 28], [30, 28], [26, 29], [31, 29], [25, 29], [28, 29], [26, 30], [27, 30], [28, 30]], "labels": {"0": "1", "1": "1", "2": "2", "3": "2", "4": "2", "5": "2", "6": "1", "7": "1", "8": "2", "9": "2", "10": "1", "11": "1", "12": "2", "13": "1", "14": "2", "15": "1", "16": "1", "17": "1", "18": "2", "19": "1", "20": "1", "21": "1", "22": "2", "23": "1", "24": "2", "25": "2", "26": "1", "27": "2", "28": "2", "29": "2", "30": "2", "31": "2"}, "target": 3}