{"edges": [[0, 1], [2, 1], [3, 1], [1, 0], [2, 0], [4, 0], [3, 0], [5, 6], [4, 6], [7, 6], [8, 6], [6, 5], [9, 5], [8, 5], [10, 5], [11, 5], [12, 13], [14, 13], [11, 13], [13, 12], [14, 12], [15, 12], [13, 14], [12, 14], [15, 14], [16, 14], [17, 14], [12, 15], [14, 15], [16, 15], [18, 15], [17, 15], [14, 16], [15, 16], [18, 16], [19, 16], [15, 18], [16, 18], [20, 18], [19, 18], [21, 18], [18, 20], [22, 20], [19, 20], [21, 20], [20, 22], [21, 22], [23, 22], [24, 25], [23, 25], [26, 25], [25, 24], [27, 24], [26, 24], [24, 27], [26, 27], [28, 27], [29, 30], [31, 30], [32, 30], [33, 34], [35, 34], [36, 34], [37, 34], [1, 2], [0, 2], [3, 2], [0, 4], [6, 4], [7, 4], [8, 4], [5, 9], [10, 9], [11, 9], [14, 17], [15, 17], [19, 17], [16, 19], [18, 19], [20, 19], [17, 19], [21, 19], [18, 21], [20, 21], [22, 21], [19, 21], [22, 23], [25, 23], [26, 23], [25, 26], [24, 26], [27, 26], [23, 26], [1, 3], [0, 3], [2, 3], [6, 7], [4, 7], [8, 7], [6, 8], [5, 8], [4, 8], [7, 8], [5, 10], [9, 10], [11, 10], [5, 11], [13, 11], [9, 11], [10, 11], [27, 28], [38, 28], [29, 28], [28, 38], [29, 38], [32, 38], [30, 29], [28, 29], [38, 29], [32, 29], [34, 33], [36, 33], [37, 33], [30, 31], [39, 31], [32, 31], [31, 39], [35, 39], [36, 39], [30, 32], [38, 32], [29, 32], [31, 32], [34, 35], [39, 35], [36, 35], [34, 36], [33, 36], [39, 36], [35, 36], [37, 36], [34, 37], [33, 37], [36, 37]], "labels": {"0": "1", "1": "1", "2": "2", "3": "2", "4": "2", "5": "1", "6": "1", "7": "2", "8": "2", "9": "2", "10": "2", "11": "2", "12": "1", "13": "1", "14": "1", "15": "1", "16": "1", "17": "2", "18": "1", "19": "2", "20": "1", "21": "2", "22": "1", "23": "2", "24": "1", "25": "1", "26": "2", "27": "1", "28": "2", "29": "2", "30": "1", "31": "2", "32": "2", "33": "2", "34": "1", "35": "2", "36": "2", "37": "2", "38": "2", "39": "2"}, "target": 3}