{"edges": [[0, 1], [2, 1], [3, 1], [4, 1], [5, 6], [7, 6], [8, 6], [5, 9], [10, 9], [7, 9], [2, 11], [4, 11], [12, 11], [13, 11], [5, 14], [7, 14], [15, 14], [8, 14], [1, 0], [16, 0], [2, 0], [4, 0], [13, 0], [17, 0], [18, 19], [20, 19], [16, 21], [2, 21], [4, 21], [13, 21], [22, 21], [23, 21], [24, 25], [26, 25], [16, 27], [28, 27], [29, 27], [30, 31], [32, 31], [0, 16], [21, 16], [27, 16], [33, 16], [34, 16], [5, 35], [36, 35], [37, 38], [39, 38], [3, 40], [6, 5], [9, 5], [14, 5], [35, 5], [38, 37], [36, 37], [35, 36], [37, 36], [1, 2], [11, 2], [0, 2], [21, 2], [39, 2], [38, 39], [2, 39], [1, 3], [40, 3], [34, 3], [9, 10], [41, 10], [42, 43], [44, 43], [12, 45], [6, 7], [9, 7], [14, 7], [43, 42], [41, 42], [10, 41], [42, 41], [1, 4], [11, 4], [0, 4], [21, 4], [44, 4], [43, 44], [4, 44], [11, 12], [45, 12], [34, 12], [14, 15], [46, 15], [47, 48], [49, 48], [17, 50], [6, 8], [14, 8], [48, 47], [46, 47], [15, 46], [47, 46], [11, 13], [0, 13], [21, 13], [49, 13], [48, 49], [13, 49], [0, 17], [50, 17], [34, 17], [19, 18], [51, 18], [52, 53], [54, 53], [23, 55], [19, 20], [53, 52], [51, 52], [18, 51], [52, 51], [21, 22], [54, 22], [53, 54], [22, 54], [21, 23], [55, 23], [25, 24], [56, 24], [57, 58], [59, 58], [29, 60], [25, 26], [58, 57], [56, 57], [24, 56], [57, 56], [27, 28], [59, 28], [58, 59], [28, 59], [27, 29], [60, 29], [31, 30], [61, 30], [62, 63], [64, 63], [34, 65], [31, 32], [63, 62], [61, 62], [30, 61], [62, 61], [16, 33], [64, 33], [63, 64], [33, 64], [16, 34], [3, 34], [12, 34], [17, 34], [65, 34]], "labels": {"0": "1", "1": "1", "2": "2", "3": "2", "4": "2", "5": "2", "6": "1", "7": "2", "8": "2", "9": "1", "10": "2", "11": "1", "12": "2", "13": "2", "14": "1", "15": "2", "16": "1", "17": "2", "18": "2", "19": "1", "20": "2", "21": "1", "22": "2", "23": "2", "24": "2", "25": "1", "26": "2", "27": "1", "28": "2", "29": "2", "30": "2", "31": "1", "32": "2", "33": "2", "34": "2", "35": "2", "36": "2", "37": "2", "38": "2", "39": "2", "40": "2", "41": "2", "42": "2", "43": "2", "44": "2", "45": "2", "46": "2", "47": "2", "48": "2", "49": "2", "50": "2", "51": "2", "52": "2", "53": "2", "54": "2", "55": "2", "56": "2", "57": "2", "58": "2", "59": "2", "60": "2", "61": "2", "62": "2", "63": "2", "64": "2", "65": "2"}, "target": 4}