{"edges": [[0, 1], [2, 1], [3, 1], [1, 0], [2, 0], [3, 0], [4, 0], [5, 0], [1, 2], [0, 2], [3, 2], [6, 2], [7, 2], [1, 3], [0, 3], [2, 3], [6, 3], [8, 3], [7, 3], [2, 6], [3, 6], [8, 6], [9, 6], [3, 8], [6, 8], [10, 8], [9, 8], [11, 8], [8, 10], [12, 10], [13, 10], [11, 10], [14, 10], [10, 12], [13, 12], [15, 12], [14, 12], [10, 13], [12, 13], [15, 13], [16, 13], [12, 15], [13, 15], [17, 15], [16, 15], [18, 15], [15, 17], [19, 17], [20, 17], [18, 17], [21, 17], [17, 19], [20, 19], [21, 19], [17, 20], [19, 20], [18, 20], [0, 4], [7, 4], [5, 4], [2, 7], [3, 7], [4, 7], [9, 7], [11, 7], [5, 7], [6, 9], [8, 9], [7, 9], [11, 9], [14, 9], [8, 11], [10, 11], [7, 11], [9, 11], [14, 11], [10, 14], [12, 14], [9, 14], [11, 14], [16, 14], [13, 16], [15, 16], [14, 16], [18, 16], [21, 16], [15, 18], [17, 18], [20, 18], [16, 18], [21, 18], [17, 21], [19, 21], [16, 21], [18, 21], [0, 5], [4, 5], [7, 5]], "labels": {"0": "1", "1": "1", "2": "1", "3": "1", "4": "2", "5": "2", "6": "1", "7": "2", "8": "1", "9": "2", "10": "1", "11": "2", "12": "1", "13": "1", "14": "2", "15": "1", "16": "2", "17": "1", "18": "2", "19": "1", "20": "1", "21": "2"}, "target": 4}