{"edges": [[0, 1], [2, 1], [3, 1], [4, 5], [6, 5], [7, 5], [8, 5], [5, 4], [6, 4], [9, 4], [5, 6], [4, 6], [9, 6], [4, 9], [6, 9], [0, 10], [2, 10], [11, 12], [13, 12], [14, 12], [8, 12], [12, 11], [13, 11], [14, 11], [12, 13], [11, 13], [14, 13], [12, 14], [11, 14], [13, 14], [15, 16], [3, 16], [16, 15], [17, 15], [18, 15], [19, 15], [20, 15], [15, 17], [18, 17], [19, 17], [15, 18], [17, 18], [19, 18], [15, 19], [17, 19], [18, 19], [5, 7], [21, 7], [22, 7], [23, 7], [7, 21], [24, 21], [8, 21], [20, 21], [21, 24], [0, 24], [2, 24], [3, 24], [1, 0], [10, 0], [24, 0], [25, 0], [26, 0], [3, 0], [5, 8], [12, 8], [21, 8], [22, 8], [7, 22], [8, 22], [25, 22], [0, 25], [22, 25], [2, 25], [1, 2], [10, 2], [24, 2], [25, 2], [3, 2], [15, 20], [21, 20], [23, 20], [7, 23], [20, 23], [26, 23], [0, 26], [23, 26], [3, 26], [1, 3], [16, 3], [24, 3], [0, 3], [2, 3], [26, 3]], "labels": {"0": "2", "1": "1", "2": "2", "3": "2", "4": "1", "5": "1", "6": "1", "7": "2", "8": "2", "9": "1", "10": "1", "11": "1", "12": "1", "13": "1", "14": "1", "15": "1", "16": "1", "17": "1", "18": "1", "19": "1", "20": "2", "21": "2", "22": "2", "23": "2", "24": "2", "25": "2", "26": "2"}, "target": 6}