{"edges": [[0, 1], [2, 1], [3, 1], [1, 0], [2, 0], [3, 0], [4, 0], [5, 0], [1, 2], [0, 2], [6, 2], [3, 2], [4, 2], [2, 6], [7, 6], [8, 6], [4, 6], [9, 6], [10, 6], [6, 7], [8, 7], [11, 7], [10, 7], [6, 8], [7, 8], [11, 8], [12, 8], [7, 11], [8, 11], [13, 11], [14, 11], [15, 11], [11, 13], [16, 13], [17, 13], [14, 13], [18, 13], [13, 16], [17, 16], [19, 16], [18, 16], [20, 16], [13, 17], [16, 17], [19, 17], [21, 17], [20, 17], [22, 17], [16, 19], [17, 19], [21, 19], [23, 19], [22, 19], [17, 21], [19, 21], [23, 21], [24, 21], [19, 23], [21, 23], [25, 23], [24, 23], [26, 23], [23, 25], [27, 25], [28, 25], [26, 25], [29, 25], [25, 27], [28, 27], [30, 27], [31, 27], [29, 27], [25, 28], [27, 28], [30, 28], [31, 28], [27, 30], [28, 30], [31, 30], [27, 31], [28, 31], [30, 31], [1, 3], [0, 3], [2, 3], [5, 3], [0, 4], [2, 4], [6, 4], [32, 4], [4, 32], [9, 32], [5, 32], [33, 32], [34, 32], [35, 32], [6, 9], [32, 9], [10, 9], [33, 9], [35, 9], [36, 9], [0, 5], [3, 5], [32, 5], [33, 5], [34, 5], [6, 10], [7, 10], [9, 10], [12, 10], [15, 10], [35, 10], [36, 10], [8, 12], [10, 12], [14, 12], [15, 12], [11, 14], [13, 14], [12, 14], [18, 14], [15, 14], [13, 18], [16, 18], [14, 18], [20, 18], [22, 18], [16, 20], [17, 20], [18, 20], [22, 20], [24, 20], [17, 22], [19, 22], [18, 22], [20, 22], [24, 22], [26, 22], [29, 22], [21, 24], [23, 24], [20, 24], [22, 24], [26, 24], [29, 24], [23, 26], [25, 26], [22, 26], [24, 26], [29, 26], [25, 29], [27, 29], [22, 29], [24, 29], [26, 29], [11, 15], [10, 15], [12, 15], [14, 15], [32, 33], [9, 33], [5, 33], [34, 33], [35, 33], [32, 34], [5, 34], [33, 34], [32, 35], [9, 35], [10, 35], [33, 35], [36, 35], [9, 36], [10, 36], [35, 36]], "labels": {"0": "1", "1": "1", "2": "1", "3": "1", "4": "1", "5": "2", "6": "1", "7": "1", "8": "1", "9": "2", "10": "2", "11": "1", "12": "2", "13": "1", "14": "2", "15": "2", "16": "1", "17": "1", "18": "2", "19": "1", "20": "2", "21": "1", "22": "2", "23": "1", "24": "2", "25": "1", "26": "2", "27": "1", "28": "1", "29": "2", "30": "1", "31": "1", "32": "2", "33": "2", "34": "2", "35": "2", "36": "2"}, "target": 4}