{"edges": [[0, 1], [2, 1], [3, 1], [1, 0], [2, 0], [3, 0], [4, 0], [5, 0], [1, 2], [0, 2], [3, 2], [6, 2], [7, 2], [1, 3], [0, 3], [2, 3], [6, 3], [8, 3], [2, 6], [3, 6], [8, 6], [9, 6], [10, 11], [12, 11], [13, 11], [14, 11], [11, 10], [12, 10], [15, 10], [11, 12], [10, 12], [15, 12], [16, 17], [18, 17], [19, 17], [20, 17], [17, 16], [18, 16], [20, 16], [21, 16], [22, 16], [17, 18], [16, 18], [21, 18], [22, 18], [0, 4], [23, 4], [24, 4], [7, 4], [5, 4], [4, 23], [24, 23], [7, 23], [5, 23], [4, 24], [23, 24], [7, 24], [5, 24], [8, 24], [2, 7], [4, 7], [23, 7], [24, 7], [8, 7], [0, 5], [4, 5], [23, 5], [24, 5], [3, 8], [6, 8], [24, 8], [7, 8], [9, 8], [11, 13], [9, 13], [14, 13], [6, 9], [8, 9], [13, 9], [14, 9], [10, 15], [12, 15], [25, 15], [26, 15], [19, 15], [15, 25], [26, 25], [19, 25], [15, 26], [25, 26], [19, 26], [17, 19], [15, 19], [25, 19], [26, 19], [20, 19], [11, 14], [13, 14], [9, 14], [17, 20], [16, 20], [19, 20], [21, 20], [22, 20], [16, 21], [18, 21], [20, 21], [22, 21], [16, 22], [18, 22], [20, 22], [21, 22]], "labels": {"0": "1", "1": "1", "2": "1", "3": "1", "4": "2", "5": "2", "6": "1", "7": "2", "8": "2", "9": "2", "10": "1", "11": "1", "12": "1", "13": "2", "14": "2", "15": "2", "16": "1", "17": "1", "18": "1", "19": "2", "20": "2", "21": "2", "22": "2", "23": "2", "24": "2", "25": "2", "26": "2"}, "target": 4}