{"edges": [[0, 1], [2, 1], [3, 1], [1, 0], [4, 0], [5, 0], [6, 0], [0, 4], [5, 4], [7, 4], [2, 4], [3, 4], [6, 4], [8, 4], [0, 5], [4, 5], [7, 5], [9, 5], [8, 5], [4, 7], [5, 7], [9, 7], [8, 7], [10, 7], [5, 9], [7, 9], [11, 9], [10, 9], [12, 9], [9, 11], [13, 11], [14, 11], [15, 11], [12, 11], [11, 13], [14, 13], [16, 13], [17, 13], [18, 13], [11, 14], [13, 14], [16, 14], [19, 14], [20, 14], [17, 14], [13, 16], [14, 16], [19, 16], [21, 16], [22, 16], [20, 16], [14, 19], [16, 19], [21, 19], [23, 19], [22, 19], [16, 21], [19, 21], [23, 21], [22, 21], [19, 23], [21, 23], [24, 23], [25, 23], [23, 24], [26, 24], [27, 24], [28, 24], [24, 26], [29, 26], [30, 26], [1, 2], [4, 2], [3, 2], [6, 2], [1, 3], [4, 3], [2, 3], [6, 3], [0, 6], [4, 6], [2, 6], [3, 6], [24, 27], [28, 27], [29, 27], [30, 27], [4, 8], [5, 8], [7, 8], [10, 8], [16, 22], [19, 22], [21, 22], [20, 22], [17, 22], [14, 20], [16, 20], [22, 20], [17, 20], [13, 17], [14, 17], [22, 17], [20, 17], [15, 17], [31, 17], [18, 17], [11, 15], [17, 15], [12, 15], [31, 15], [18, 15], [7, 10], [9, 10], [8, 10], [12, 10], [9, 12], [11, 12], [15, 12], [10, 12], [31, 12], [17, 31], [15, 31], [12, 31], [18, 31], [13, 18], [17, 18], [15, 18], [31, 18], [23, 25], [32, 25], [33, 25], [34, 25], [25, 32], [28, 32], [33, 32], [34, 32], [24, 28], [27, 28], [32, 28], [34, 28], [29, 28], [30, 28], [25, 33], [32, 33], [34, 33], [25, 34], [32, 34], [28, 34], [33, 34], [26, 29], [27, 29], [28, 29], [30, 29], [26, 30], [27, 30], [28, 30], [29, 30]], "labels": {"0": "1", "1": "1", "2": "2", "3": "2", "4": "1", "5": "1", "6": "2", "7": "1", "8": "2", "9": "1", "10": "2", "11": "1", "12": "2", "13": "1", "14": "1", "15": "2", "16": "1", "17": "2", "18": "2", "19": "1", "20": "2", "21": "1", "22": "2", "23": "1", "24": "1", "25": "2", "26": "1", "27": "2", "28": "2", "29": "2", "30": "2", "31": "2", "32": "2", "33": "2", "34": "2"}, "target": 4}