{"edges": [[0, 1], [2, 1], [3, 1], [1, 0], [4, 0], [5, 0], [6, 0], [0, 4], [5, 4], [7, 4], [8, 4], [0, 5], [4, 5], [7, 5], [8, 5], [9, 5], [4, 7], [5, 7], [8, 7], [9, 7], [4, 8], [5, 8], [7, 8], [10, 8], [11, 12], [13, 12], [14, 12], [15, 12], [12, 11], [16, 11], [17, 11], [14, 11], [18, 19], [20, 19], [17, 19], [19, 18], [21, 18], [22, 18], [23, 18], [24, 18], [18, 21], [25, 21], [26, 21], [20, 21], [24, 21], [27, 21], [21, 25], [26, 25], [28, 25], [27, 25], [29, 25], [21, 26], [25, 26], [28, 26], [29, 26], [25, 28], [26, 28], [30, 28], [29, 28], [1, 2], [3, 2], [31, 2], [32, 2], [1, 3], [2, 3], [31, 3], [33, 3], [32, 3], [2, 31], [3, 31], [33, 31], [34, 31], [3, 33], [31, 33], [34, 33], [35, 33], [36, 33], [31, 34], [33, 34], [35, 34], [36, 34], [33, 35], [34, 35], [16, 35], [37, 35], [11, 16], [35, 16], [13, 16], [38, 16], [39, 16], [12, 13], [16, 13], [22, 13], [40, 13], [38, 13], [18, 22], [13, 22], [20, 22], [40, 22], [19, 20], [21, 20], [22, 20], [23, 20], [41, 20], [18, 23], [20, 23], [42, 23], [43, 23], [41, 23], [44, 23], [23, 42], [43, 42], [30, 42], [44, 42], [45, 42], [23, 43], [42, 43], [30, 43], [45, 43], [28, 30], [42, 30], [43, 30], [18, 24], [21, 24], [27, 24], [44, 24], [11, 17], [19, 17], [14, 17], [38, 17], [12, 14], [11, 14], [17, 14], [15, 14], [40, 14], [39, 14], [8, 10], [9, 10], [46, 10], [36, 10], [47, 10], [5, 9], [7, 9], [10, 9], [6, 9], [37, 9], [32, 9], [0, 6], [9, 6], [36, 6], [32, 6], [10, 46], [15, 46], [37, 46], [39, 46], [12, 15], [14, 15], [46, 15], [38, 15], [47, 15], [21, 27], [25, 27], [24, 27], [29, 27], [41, 27], [45, 27], [25, 29], [26, 29], [28, 29], [27, 29], [44, 29], [45, 29], [20, 41], [23, 41], [27, 41], [44, 41], [13, 40], [22, 40], [14, 40], [38, 40], [16, 38], [13, 38], [17, 38], [15, 38], [40, 38], [39, 38], [35, 37], [9, 37], [46, 37], [36, 37], [47, 37], [33, 36], [34, 36], [10, 36], [6, 36], [37, 36], [32, 36], [2, 32], [3, 32], [9, 32], [6, 32], [36, 32], [10, 47], [15, 47], [37, 47], [39, 47], [16, 39], [14, 39], [46, 39], [38, 39], [47, 39], [23, 44], [42, 44], [24, 44], [29, 44], [41, 44], [45, 44], [42, 45], [43, 45], [27, 45], [29, 45], [44, 45]], "labels": {"0": "1", "1": "1", "2": "1", "3": "1", "4": "1", "5": "1", "6": "2", "7": "1", "8": "1", "9": "2", "10": "2", "11": "1", "12": "1", "13": "1", "14": "2", "15": "2", "16": "1", "17": "2", "18": "1", "19": "1", "20": "1", "21": "1", "22": "1", "23": "1", "24": "2", "25": "1", "26": "1", "27": "2", "28": "1", "29": "2", "30": "1", "31": "1", "32": "2", "33": "1", "34": "1", "35": "1", "36": "2", "37": "2", "38": "2", "39": "2", "40": "2", "41": "2", "42": "1", "43": "1", "44": "2", "45": "2", "46": "2", "47": "2"}, "target": 4}