{"edges": [[0, 1], [2, 1], [3, 1], [1, 0], [2, 0], [3, 0], [1, 2], [0, 2], [3, 2], [4, 2], [1, 3], [0, 3], [2, 3], [5, 3], [6, 3], [4, 3], [7, 3], [3, 5], [6, 5], [8, 5], [3, 6], [5, 6], [8, 6], [9, 6], [10, 6], [5, 8], [6, 8], [9, 8], [11, 8], [10, 8], [6, 9], [8, 9], [11, 9], [12, 9], [8, 11], [9, 11], [13, 11], [14, 11], [15, 11], [11, 13], [16, 13], [17, 13], [14, 13], [18, 13], [13, 16], [17, 16], [19, 16], [18, 16], [13, 17], [16, 17], [19, 17], [20, 17], [21, 17], [16, 19], [17, 19], [20, 19], [21, 19], [22, 19], [17, 20], [19, 20], [23, 20], [24, 20], [22, 20], [25, 20], [20, 23], [26, 23], [24, 23], [27, 23], [22, 23], [25, 23], [23, 26], [24, 26], [27, 26], [25, 26], [20, 24], [23, 24], [26, 24], [27, 24], [23, 27], [26, 27], [24, 27], [2, 4], [3, 4], [10, 4], [7, 4], [6, 10], [8, 10], [4, 10], [12, 10], [7, 10], [28, 10], [9, 12], [10, 12], [28, 12], [15, 12], [11, 14], [13, 14], [18, 14], [28, 14], [15, 14], [13, 18], [16, 18], [14, 18], [21, 18], [15, 18], [17, 21], [19, 21], [18, 21], [22, 21], [25, 21], [19, 22], [20, 22], [23, 22], [21, 22], [25, 22], [20, 25], [23, 25], [26, 25], [21, 25], [22, 25], [3, 7], [4, 7], [10, 7], [10, 28], [12, 28], [14, 28], [15, 28], [11, 15], [12, 15], [14, 15], [18, 15], [28, 15]], "labels": {"0": "1", "1": "1", "2": "1", "3": "1", "4": "2", "5": "1", "6": "1", "7": "2", "8": "1", "9": "1", "10": "2", "11": "1", "12": "2", "13": "1", "14": "2", "15": "2", "16": "1", "17": "1", "18": "2", "19": "1", "20": "1", "21": "2", "22": "2", "23": "1", "24": "1", "25": "2", "26": "1", "27": "1", "28": "2"}, "target": 4}