{"edges": [[0, 1], [2, 1], [0, 3], [4, 3], [5, 3], [2, 3], [1, 0], [3, 0], [4, 0], [6, 0], [3, 4], [0, 4], [7, 4], [8, 4], [6, 4], [4, 7], [9, 7], [8, 7], [10, 7], [7, 9], [10, 9], [11, 9], [12, 13], [11, 13], [14, 13], [14, 15], [16, 15], [17, 18], [19, 18], [20, 18], [16, 18], [21, 18], [22, 18], [18, 17], [19, 17], [23, 17], [24, 17], [20, 17], [18, 19], [17, 19], [20, 19], [2, 25], [26, 25], [27, 25], [28, 29], [2, 29], [26, 29], [29, 28], [2, 28], [30, 28], [26, 28], [27, 28], [8, 31], [6, 31], [32, 31], [30, 31], [33, 31], [34, 31], [8, 35], [32, 35], [36, 35], [33, 35], [13, 12], [37, 12], [36, 12], [38, 12], [12, 37], [39, 37], [40, 37], [38, 37], [41, 37], [37, 39], [41, 39], [21, 39], [16, 42], [43, 42], [21, 42], [44, 45], [20, 45], [43, 45], [46, 45], [45, 44], [20, 44], [43, 44], [3, 5], [47, 5], [48, 5], [27, 5], [5, 47], [48, 47], [49, 47], [27, 47], [5, 48], [47, 48], [49, 48], [34, 48], [47, 49], [48, 49], [50, 49], [33, 49], [34, 49], [49, 50], [51, 50], [33, 50], [52, 50], [50, 51], [53, 51], [52, 51], [54, 51], [51, 53], [54, 53], [55, 53], [37, 40], [55, 40], [22, 40], [17, 23], [56, 23], [24, 23], [46, 23], [22, 23], [23, 56], [24, 56], [46, 56], [17, 24], [23, 24], [56, 24], [4, 8], [7, 8], [31, 8], [35, 8], [0, 6], [4, 6], [31, 6], [1, 2], [3, 2], [25, 2], [29, 2], [28, 2], [18, 20], [17, 20], [19, 20], [45, 20], [44, 20], [7, 10], [9, 10], [11, 10], [38, 10], [54, 10], [9, 11], [13, 11], [10, 11], [14, 11], [36, 11], [41, 11], [52, 11], [55, 11], [13, 14], [15, 14], [11, 14], [15, 16], [18, 16], [42, 16], [22, 16], [31, 32], [35, 32], [28, 30], [31, 30], [25, 26], [29, 26], [28, 26], [42, 43], [45, 43], [44, 43], [35, 36], [12, 36], [11, 36], [12, 38], [37, 38], [10, 38], [37, 41], [39, 41], [11, 41], [18, 21], [39, 21], [42, 21], [22, 21], [31, 33], [35, 33], [49, 33], [50, 33], [31, 34], [48, 34], [49, 34], [25, 27], [28, 27], [5, 27], [47, 27], [45, 46], [23, 46], [56, 46], [50, 52], [51, 52], [11, 52], [51, 54], [53, 54], [10, 54], [53, 55], [40, 55], [11, 55], [18, 22], [40, 22], [23, 22], [16, 22], [21, 22]], "labels": {"0": "1", "1": "1", "2": "2", "3": "1", "4": "1", "5": "1", "6": "2", "7": "1", "8": "2", "9": "1", "10": "2", "11": "2", "12": "1", "13": "1", "14": "2", "15": "1", "16": "2", "17": "1", "18": "1", "19": "1", "20": "2", "21": "2", "22": "2", "23": "1", "24": "1", "25": "1", "26": "2", "27": "2", "28": "1", "29": "1", "30": "2", "31": "1", "32": "2", "33": "2", "34": "2", "35": "1", "36": "2", "37": "1", "38": "2", "39": "1", "40": "1", "41": "2", "42": "1", "43": "2", "44": "1", "45": "1", "46": "2", "47": "1", "48": "1", "49": "1", "50": "1", "51": "1", "52": "2", "53": "1", "54": "2", "55": "2", "56": "1"}, "target": 4}