{"edges": [[0, 1], [2, 1], [3, 1], [1, 0], [2, 0], [3, 0], [4, 0], [1, 2], [0, 2], [3, 2], [5, 2], [1, 3], [0, 3], [2, 3], [6, 3], [7, 3], [5, 3], [3, 6], [8, 6], [9, 6], [7, 6], [10, 6], [6, 8], [9, 8], [11, 8], [10, 8], [12, 8], [6, 9], [8, 9], [11, 9], [13, 9], [14, 9], [15, 9], [8, 11], [9, 11], [13, 11], [16, 11], [15, 11], [9, 13], [11, 13], [16, 13], [17, 13], [18, 13], [19, 13], [11, 16], [13, 16], [17, 16], [18, 16], [20, 16], [19, 16], [13, 17], [16, 17], [18, 17], [20, 17], [13, 18], [16, 18], [17, 18], [3, 7], [6, 7], [5, 7], [4, 7], [10, 7], [12, 7], [2, 5], [3, 5], [7, 5], [4, 5], [10, 5], [0, 4], [7, 4], [5, 4], [10, 4], [16, 20], [17, 20], [14, 20], [15, 20], [19, 20], [6, 10], [8, 10], [7, 10], [5, 10], [4, 10], [12, 10], [14, 10], [8, 12], [7, 12], [10, 12], [14, 12], [15, 12], [9, 14], [20, 14], [10, 14], [12, 14], [15, 14], [19, 14], [9, 15], [11, 15], [20, 15], [12, 15], [14, 15], [19, 15], [13, 19], [16, 19], [20, 19], [14, 19], [15, 19]], "labels": {"0": "1", "1": "1", "2": "1", "3": "1", "4": "2", "5": "2", "6": "1", "7": "2", "8": "1", "9": "1", "10": "2", "11": "1", "12": "2", "13": "1", "14": "2", "15": "2", "16": "1", "17": "1", "18": "1", "19": "2", "20": "2"}, "target": 4}