{"edges": [[0, 1], [2, 1], [3, 1], [1, 0], [2, 0], [3, 0], [4, 0], [1, 2], [0, 2], [5, 2], [6, 2], [7, 2], [8, 2], [9, 2], [2, 5], [10, 5], [9, 5], [11, 5], [5, 10], [12, 10], [13, 10], [11, 10], [14, 10], [10, 12], [15, 12], [16, 12], [17, 12], [14, 12], [12, 15], [13, 15], [18, 15], [19, 20], [21, 20], [18, 20], [20, 19], [22, 19], [23, 19], [24, 19], [19, 22], [25, 22], [26, 22], [24, 22], [22, 25], [26, 25], [27, 25], [28, 25], [22, 26], [25, 26], [27, 26], [28, 26], [29, 26], [25, 27], [26, 27], [30, 27], [29, 27], [2, 6], [7, 6], [3, 6], [2, 7], [6, 7], [3, 7], [31, 7], [1, 3], [0, 3], [6, 3], [7, 3], [32, 3], [33, 3], [34, 3], [3, 32], [16, 32], [33, 32], [35, 32], [12, 16], [32, 16], [13, 16], [35, 16], [36, 16], [10, 13], [15, 13], [16, 13], [17, 13], [36, 13], [12, 17], [13, 17], [37, 17], [19, 23], [21, 23], [37, 23], [20, 21], [23, 21], [38, 21], [39, 21], [21, 38], [40, 38], [41, 38], [39, 38], [38, 40], [41, 40], [30, 40], [42, 40], [38, 41], [40, 41], [30, 41], [42, 41], [43, 41], [27, 30], [40, 30], [41, 30], [43, 30], [2, 8], [4, 8], [34, 8], [2, 9], [5, 9], [11, 9], [35, 9], [5, 11], [10, 11], [9, 11], [14, 11], [33, 11], [36, 11], [10, 14], [12, 14], [11, 14], [35, 14], [15, 18], [20, 18], [24, 18], [39, 18], [19, 24], [22, 24], [18, 24], [37, 24], [25, 28], [26, 28], [29, 28], [43, 28], [26, 29], [27, 29], [28, 29], [42, 29], [0, 4], [8, 4], [31, 4], [34, 4], [7, 31], [4, 31], [34, 31], [3, 33], [32, 33], [11, 33], [35, 33], [32, 35], [16, 35], [9, 35], [14, 35], [33, 35], [36, 35], [16, 36], [13, 36], [11, 36], [35, 36], [17, 37], [23, 37], [24, 37], [39, 37], [21, 39], [38, 39], [18, 39], [37, 39], [40, 42], [41, 42], [29, 42], [43, 42], [41, 43], [30, 43], [28, 43], [42, 43], [3, 34], [8, 34], [4, 34], [31, 34]], "labels": {"0": "1", "1": "1", "2": "1", "3": "1", "4": "2", "5": "1", "6": "1", "7": "1", "8": "2", "9": "2", "10": "1", "11": "2", "12": "1", "13": "1", "14": "2", "15": "1", "16": "1", "17": "1", "18": "2", "19": "1", "20": "1", "21": "1", "22": "1", "23": "1", "24": "2", "25": "1", "26": "1", "27": "1", "28": "2", "29": "2", "30": "1", "31": "2", "32": "1", "33": "2", "34": "2", "35": "2", "36": "2", "37": "2", "38": "1", "39": "2", "40": "1", "41": "1", "42": "2", "43": "2"}, "target": 4}