{"edges": [[0, 1], [2, 1], [3, 1], [4, 5], [6, 5], [0, 5], [2, 5], [3, 5], [5, 4], [7, 4], [6, 4], [0, 4], [8, 4], [2, 4], [4, 7], [8, 7], [9, 7], [10, 7], [11, 12], [9, 12], [13, 12], [14, 12], [15, 16], [13, 16], [17, 16], [16, 15], [11, 15], [13, 15], [18, 15], [17, 15], [19, 20], [18, 20], [21, 20], [20, 19], [18, 19], [22, 19], [21, 19], [23, 19], [22, 24], [25, 24], [23, 24], [26, 24], [27, 28], [25, 28], [29, 28], [26, 28], [30, 28], [28, 27], [29, 27], [30, 27], [5, 6], [4, 6], [31, 6], [6, 31], [32, 31], [0, 31], [2, 31], [3, 31], [31, 32], [33, 32], [0, 32], [2, 32], [10, 32], [34, 32], [32, 33], [8, 33], [10, 33], [14, 33], [9, 35], [14, 35], [17, 35], [12, 11], [15, 11], [36, 11], [17, 11], [11, 36], [37, 36], [38, 36], [21, 36], [36, 37], [38, 37], [18, 37], [21, 37], [36, 38], [37, 38], [39, 38], [23, 38], [38, 39], [40, 39], [22, 39], [23, 39], [26, 39], [39, 40], [41, 40], [25, 40], [26, 40], [30, 40], [40, 41], [30, 41], [1, 0], [5, 0], [4, 0], [31, 0], [32, 0], [2, 0], [34, 0], [4, 8], [7, 8], [33, 8], [9, 8], [14, 8], [7, 9], [12, 9], [35, 9], [8, 9], [10, 9], [12, 13], [16, 13], [15, 13], [15, 18], [20, 18], [19, 18], [37, 18], [19, 22], [24, 22], [39, 22], [24, 25], [28, 25], [40, 25], [28, 29], [27, 29], [1, 2], [5, 2], [4, 2], [31, 2], [32, 2], [0, 2], [3, 2], [34, 2], [1, 3], [5, 3], [31, 3], [2, 3], [34, 3], [7, 10], [32, 10], [33, 10], [9, 10], [14, 10], [12, 14], [33, 14], [35, 14], [8, 14], [10, 14], [16, 17], [15, 17], [35, 17], [11, 17], [20, 21], [19, 21], [36, 21], [37, 21], [19, 23], [24, 23], [38, 23], [39, 23], [24, 26], [28, 26], [39, 26], [40, 26], [28, 30], [27, 30], [40, 30], [41, 30], [32, 34], [0, 34], [2, 34], [3, 34]], "labels": {"0": "2", "1": "1", "2": "2", "3": "2", "4": "1", "5": "1", "6": "1", "7": "1", "8": "2", "9": "2", "10": "2", "11": "1", "12": "1", "13": "2", "14": "2", "15": "1", "16": "1", "17": "2", "18": "2", "19": "1", "20": "1", "21": "2", "22": "2", "23": "2", "24": "1", "25": "2", "26": "2", "27": "1", "28": "1", "29": "2", "30": "2", "31": "1", "32": "1", "33": "1", "34": "2", "35": "1", "36": "1", "37": "1", "38": "1", "39": "1", "40": "1", "41": "1"}, "target": 4}