{"edges": [[0, 1], [2, 1], [3, 1], [1, 0], [2, 0], [3, 0], [1, 2], [0, 2], [3, 2], [4, 2], [5, 2], [6, 7], [8, 7], [4, 7], [9, 10], [11, 10], [12, 10], [13, 14], [15, 14], [16, 14], [14, 13], [15, 13], [17, 13], [14, 15], [13, 15], [18, 15], [19, 15], [17, 15], [20, 21], [18, 21], [19, 21], [22, 23], [24, 23], [25, 23], [26, 23], [1, 3], [0, 3], [2, 3], [4, 3], [5, 3], [25, 27], [26, 27], [28, 27], [21, 20], [22, 20], [29, 20], [23, 22], [20, 22], [24, 22], [29, 22], [14, 16], [30, 16], [11, 16], [12, 16], [31, 32], [33, 32], [9, 32], [34, 35], [36, 35], [37, 35], [38, 35], [6, 39], [40, 39], [8, 39], [36, 39], [7, 6], [39, 6], [40, 6], [8, 6], [4, 6], [15, 18], [21, 18], [19, 18], [17, 18], [23, 24], [22, 24], [29, 24], [25, 24], [26, 24], [16, 30], [11, 30], [12, 30], [32, 31], [33, 31], [9, 31], [35, 34], [36, 34], [37, 34], [38, 34], [33, 34], [39, 40], [6, 40], [8, 40], [7, 8], [39, 8], [6, 8], [40, 8], [4, 8], [15, 19], [21, 19], [18, 19], [17, 19], [2, 4], [7, 4], [3, 4], [6, 4], [8, 4], [5, 4], [35, 36], [39, 36], [34, 36], [38, 36], [35, 37], [34, 37], [38, 37], [2, 5], [3, 5], [4, 5], [35, 38], [34, 38], [36, 38], [37, 38], [32, 33], [31, 33], [34, 33], [9, 33], [10, 9], [32, 9], [31, 9], [33, 9], [10, 11], [16, 11], [30, 11], [12, 11], [10, 12], [16, 12], [30, 12], [11, 12], [13, 17], [15, 17], [18, 17], [19, 17], [20, 29], [22, 29], [24, 29], [23, 25], [27, 25], [24, 25], [26, 25], [28, 25], [23, 26], [27, 26], [24, 26], [25, 26], [28, 26], [27, 28], [25, 28], [26, 28]], "labels": {"0": "1", "1": "1", "2": "1", "3": "2", "4": "2", "5": "3", "6": "2", "7": "1", "8": "2", "9": "3", "10": "1", "11": "3", "12": "3", "13": "1", "14": "1", "15": "1", "16": "2", "17": "3", "18": "2", "19": "2", "20": "2", "21": "1", "22": "2", "23": "1", "24": "2", "25": "3", "26": "3", "27": "2", "28": "3", "29": "3", "30": "2", "31": "2", "32": "2", "33": "3", "34": "2", "35": "2", "36": "2", "37": "2", "38": "3", "39": "2", "40": "2"}, "target": 4}